imp_delta,alb_delta,veg_delta,tree_delta,mean_cooling,median_cooling,max_cooling,pct_1deg,pct_05deg,n_extremes
-0.3,0.0,0.1,0.15,-1.119529929883616,-1.101884013501862,-3.821429408345775,56.615425042701354,81.69754302982525,7566
-0.3,0.0,0.1,0.2,-1.1274988165077784,-1.1043231756128433,-3.855575121198253,56.6918280275681,81.58844765342961,7553
-0.3,0.0,0.1,0.25,-1.130558725931696,-1.104157556358837,-3.9334519870620532,56.65616384403308,81.58067480635421,7554
-0.3,0.0,0.1,0.30000000000000004,-1.1304039551955343,-1.1041589920817827,-3.903468406949596,56.684386690293366,81.56461245652031,7551
-0.3,0.0,0.1,0.3500000000000001,-1.1305044840495548,-1.1043804157168946,-3.9061679013114734,56.71916010498688,81.56824146981627,7548
-0.3,0.0,0.1,0.4000000000000001,-1.132695612321761,-1.1043231756128433,-3.9379411704879566,56.71543861951316,81.58913457122236,7547
-0.3,0.0,0.1,0.45000000000000007,-1.133103528694912,-1.1047791440780823,-3.9199614889961047,56.72199986877502,81.58913457122236,7547
-0.3,0.0,0.1,0.5000000000000001,-1.1339396533597383,-1.1047791440780823,-4.010817087445812,56.71543861951316,81.58257332196051,7547
-0.3,0.0,0.15000000000000002,0.15,-1.1302506030183401,-1.1090383888239113,-3.8323883183341785,57.171026685947155,82.15459445247798,7574
-0.3,0.0,0.15000000000000002,0.2,-1.138787002697891,-1.1135488112841518,-3.8770857025058136,57.264844981607986,82.13347346295323,7564
-0.3,0.0,0.15000000000000002,0.25,-1.1419045036962943,-1.114102148442136,-3.9444109566551013,57.256422048485646,82.14309178109191,7567
-0.3,0.0,0.15000000000000002,0.30000000000000004,-1.1414171231909866,-1.114065396294994,-3.9144273169379993,57.22729362316937,82.11729165298482,7561
-0.3,0.0,0.15000000000000002,0.3500000000000001,-1.1418931127631118,-1.1141335942935942,-3.9171268112998767,57.27983187758586,82.15012806199515,7561
-0.3,0.0,0.15000000000000002,0.4000000000000001,-1.1441633521843753,-1.1141178713678652,-3.94890008047636,57.28263724717625,82.15130023640663,7560
-0.3,0.0,0.15000000000000002,0.45000000000000007,-1.1446241855275034,-1.1148139612442642,-3.930920398984508,57.29577094825322,82.15130023640663,7560
-0.3,0.0,0.15000000000000002,0.5000000000000001,-1.1454616748386202,-1.1147463296445244,-4.021776176248149,57.29577094825322,82.15130023640663,7560
-0.3,0.0,0.20000000000000004,0.15,-1.1406197836770182,-1.1159450210272237,-3.8323883183341785,57.63514402209654,82.57266868341443,7582
-0.3,0.0,0.20000000000000004,0.2,-1.1494813911665251,-1.121101243738874,-3.891154186812149,57.7474043895387,82.52727033775791,7570
-0.3,0.0,0.20000000000000004,0.25,-1.1524308698423726,-1.1222079130871734,-3.9485644688937436,57.752218205718044,82.49753532697996,7573
-0.3,0.0,0.20000000000000004,0.30000000000000004,-1.1522830376218416,-1.1221937043149761,-3.9150930633876095,57.7408332238139,82.49441450913392,7570
-0.3,0.0,0.20000000000000004,0.3500000000000001,-1.1525835326528855,-1.1222976598745538,-3.9171268112998767,57.779237844940866,82.50328515111696,7568
-0.3,0.0,0.20000000000000004,0.4000000000000001,-1.1550229757074517,-1.1224877771044026,-3.9771352997157345,57.779237844940866,82.49671484888304,7568
-0.3,0.0,0.20000000000000004,0.45000000000000007,-1.1555639020173392,-1.1232376668091737,-3.930920398984508,57.79894875164258,82.49671484888304,7568
-0.3,0.0,0.20000000000000004,0.5000000000000001,-1.1564019558606125,-1.1231559147477994,-4.021776176248149,57.80551905387647,82.49671484888304,7568
-0.3,0.0,0.25000000000000006,0.15,-1.149350891500072,-1.122603174539413,-3.9150468476157947,57.98054167762293,82.8753615566658,7576
-0.3,0.0,0.25000000000000006,0.2,-1.159372285367412,-1.1271076468084726,-3.9159335263114734,58.20140576758852,82.84832161860342,7565
-0.3,0.0,0.25000000000000006,0.25,-1.161894781565378,-1.1273280730533455,-3.993810272965984,58.19865983445014,82.84062541058994,7566
-0.3,0.0,0.25000000000000006,0.30000000000000004,-1.1616432924736548,-1.1273475307277026,-3.9638266928535266,58.176802837252076,82.81886247208722,7562
-0.3,0.0,0.25000000000000006,0.3500000000000001,-1.161991417858763,-1.127613789460697,-3.966526187215404,58.22169687417914,82.82768584187023,7560
-0.3,0.0,0.25000000000000006,0.4000000000000001,-1.164507016317603,-1.1280016687355436,-4.019574760470129,58.21513002364066,82.82111899133176,7560
-0.3,0.0,0.25000000000000006,0.45000000000000007,-1.1651426207032114,-1.128476734563387,-3.9894925721030994,58.22826372471762,82.82111899133176,7560
-0.3,0.0,0.25000000000000006,0.5000000000000001,-1.165980743713656,-1.128390878521684,-4.0803484089713855,58.22826372471762,82.82111899133176,7560
-0.3,0.0,0.30000000000000004,0.15,-1.1580455871550506,-1.1302552823802285,-3.944180130038,58.2757940422174,82.9683698296837,7581
-0.3,0.0,0.30000000000000004,0.2,-1.1677792026850256,-1.1342550434914984,-3.9701804509494076,58.5518102372035,82.92266246139694,7569
-0.3,0.0,0.30000000000000004,0.25,-1.170048225916932,-1.1345877706519523,-4.065158008608557,58.52937311078985,82.9281114469707,7570
-0.3,0.0,0.30000000000000004,0.30000000000000004,-1.1697880803565746,-1.1346619839955725,-4.0316866627070675,58.49428458809618,82.90631980028905,7566
-0.3,0.0,0.30000000000000004,0.3500000000000001,-1.1701716112282294,-1.1347463448679764,-4.026415585551001,58.55885444035734,82.90199684708355,7564
-0.3,0.0,0.30000000000000004,0.4000000000000001,-1.172760753684522,-1.135049840209326,-4.093729077849127,58.55885444035734,82.91513399894903,7564
-0.3,0.0,0.30000000000000004,0.45000000000000007,-1.1735178827964468,-1.1354633204674278,-4.016506469998912,58.58512874408828,82.91513399894903,7564
-0.3,0.0,0.30000000000000004,0.5000000000000001,-1.1743577964127296,-1.135238490729853,-4.1073623068671985,58.58512874408828,82.91513399894903,7564
-0.3,0.0,0.3500000000000001,0.15,-1.1657469115946957,-1.135842116298361,-4.050101875338293,58.53931107020773,82.96739416250328,7576
-0.3,0.0,0.3500000000000001,0.2,-1.175576324858204,-1.1422414135663246,-4.0761024942729245,58.783339902772305,82.96544475101825,7566
-0.3,0.0,0.3500000000000001,0.25,-1.177604174396817,-1.1423640141102664,-4.104007511410452,58.787201892122724,82.95118586163852,7567
-0.3,0.0,0.3500000000000001,0.30000000000000004,-1.1774075397633004,-1.142609584225267,-4.071218489680029,58.76904887020494,82.93483972674724,7564
-0.3,0.0,0.3500000000000001,0.3500000000000001,-1.1778012488785186,-1.1428207255361733,-4.065947472128607,58.827006436358865,82.93708130828846,7562
-0.3,0.0,0.3500000000000001,0.4000000000000001,-1.1804802245590629,-1.1429236797987632,-4.149680553946234,58.827006436358865,82.93051359516616,7562
-0.3,0.0,0.3500000000000001,0.45000000000000007,-1.18136314419877,-1.1435497121005493,-4.08257615474198,58.84670957572573,82.93708130828846,7562
-0.3,0.0,0.3500000000000001,0.5000000000000001,-1.182208031002687,-1.1436614686681925,-4.153522013697363,58.84670957572573,82.93708130828846,7562
-0.3,0.0,0.40000000000000013,0.15,-1.1733426415447727,-1.1417933687690642,-4.065306304964758,58.866833179965816,82.96963323254897,7574
-0.3,0.0,0.40000000000000013,0.2,-1.1830551220480703,-1.1453284578062304,-4.091307162317968,59.04761904761905,82.97536945812809,7563
-0.3,0.0,0.40000000000000013,0.25,-1.1847928369950613,-1.1464643266181715,-4.109238266024328,59.04223871772976,82.99283978190896,7565
-0.3,0.0,0.40000000000000013,0.30000000000000004,-1.1842266035678959,-1.1466351871731637,-4.0764493337008725,59.02285263987391,82.95902285263988,7560
-0.3,0.0,0.40000000000000013,0.3500000000000001,-1.184604836083459,-1.1466351871731637,-4.071178256544806,59.07419566644781,82.95469468154957,7558
-0.3,0.0,0.40000000000000013,0.4000000000000001,-1.187338933557159,-1.1466701806068476,-4.154911666187979,59.07419566644781,82.95469468154957,7558
-0.3,0.0,0.40000000000000013,0.45000000000000007,-1.1884737027439474,-1.1470317660266156,-4.100076235089855,59.09389363099147,82.95469468154957,7558
-0.3,0.0,0.40000000000000013,0.5000000000000001,-1.189324058615292,-1.1471945750702672,-4.190932518992977,59.09389363099147,82.95469468154957,7558
-0.3,0.0,0.4500000000000001,0.15,-1.1819730967460018,-1.147434396066731,-4.157533384118633,59.18890495596162,83.00907059287498,7574
-0.3,0.0,0.4500000000000001,0.2,-1.1919030874486636,-1.1505373884385248,-4.208632515755402,59.42981015568548,83.07823687840768,7565
-0.3,0.0,0.4500000000000001,0.25,-1.1932769932958889,-1.151464198622917,-4.217294590559708,59.42447933775704,83.06944353196242,7567
-0.3,0.0,0.4500000000000001,0.30000000000000004,-1.192552132093915,-1.1517955162931535,-4.215003954258667,59.39839747799817,83.03559700512282,7562
-0.3,0.0,0.4500000000000001,0.3500000000000001,-1.1929221889044619,-1.1517955162931535,-4.131760276113109,59.4234305227213,83.03125820856317,7560
-0.3,0.0,0.4500000000000001,0.4000000000000001,-1.1956866808985103,-1.1518765342275317,-4.163533724103527,59.443131074336755,83.0246913580247,7560
-0.3,0.0,0.4500000000000001,0.45000000000000007,-1.197088728549579,-1.1520498737902582,-4.200645215068416,59.4628316259522,83.03782505910165,7560
-0.3,0.0,0.4500000000000001,0.5000000000000001,-1.197945082118402,-1.152480743179146,-4.291501558576183,59.4628316259522,83.03782505910165,7560
-0.3,0.0,0.5000000000000001,0.15,-1.1888144380331795,-1.1514398468515732,-4.17706797197874,59.317912997765795,83.04639243001708,7570
-0.3,0.0,0.5000000000000001,0.2,-1.1987259761959914,-1.1557769665065434,-4.252316730108963,59.56915801917773,83.08813871010115,7562
-0.3,0.0,0.5000000000000001,0.25,-1.1999645741235414,-1.1560917031349573,-4.268820839014755,59.58089732641398,83.09137489325363,7565
-0.3,0.0,0.5000000000000001,0.30000000000000004,-1.1992073909232865,-1.156119940999039,-4.266530262318359,59.5679012345679,83.06409246125558,7560
-0.3,0.0,0.5000000000000001,0.3500000000000001,-1.1995680786504743,-1.1562178813443484,-4.14132133797224,59.592908732764286,83.05975049244911,7558
-0.3,0.0,0.5000000000000001,0.4000000000000001,-1.2023456047649845,-1.1567605385047581,-4.182738511833883,59.5994747209455,83.05318450426789,7558
-0.3,0.0,0.5000000000000001,0.45000000000000007,-1.2039103587362863,-1.156819094727839,-4.210206276927547,59.61917268548916,83.06631648063033,7558
-0.3,0.0,0.5000000000000001,0.5000000000000001,-1.2047700161846444,-1.156819094727839,-4.301062411819057,59.61917268548916,83.06631648063033,7558
-0.3,0.1,0.1,0.15,-1.1035330187565684,-1.0704821444124475,-3.8855825431686206,54.42489495798319,81.30252100840336,7556
-0.3,0.1,0.1,0.2,-1.1123234694724224,-1.0732615778371783,-3.9161450035911365,54.50013119916033,81.21884019942273,7544
-0.3,0.1,0.1,0.25,-1.1152246326130897,-1.0729346126782067,-3.9940218098502918,54.47090467755691,81.25697041264843,7545
-0.3,0.1,0.1,0.30000000000000004,-1.1150566686374825,-1.072799090254224,-3.9640382297378345,54.447068083431716,81.23442214351306,7542
-0.3,0.1,0.1,0.3500000000000001,-1.1154659713549377,-1.0732321471639406,-3.960842824731426,54.48284908506591,81.25532891716402,7541
-0.3,0.1,0.1,0.4000000000000001,-1.1180798319141145,-1.0735870913539989,-3.9926162131171985,54.49298176570904,81.26721763085399,7542
-0.3,0.1,0.1,0.45000000000000007,-1.1188288635686559,-1.0743096016175522,-3.9746365316253467,54.52577725304998,81.27377672832218,7542
-0.3,0.1,0.1,0.5000000000000001,-1.1198310110104461,-1.0740327775268859,-4.110937274251537,54.5192181555818,81.28033582579037,7542
-0.3,0.1,0.15000000000000002,0.15,-1.1138483448870762,-1.0789697687536948,-3.8965415127616687,54.927450594182915,81.6689646116473,7557
-0.3,0.1,0.15000000000000002,0.2,-1.1229922991902068,-1.081771215892339,-3.92710391357954,55.045269649652276,81.62314656869178,7546
-0.3,0.1,0.15000000000000002,0.25,-1.1256264121901725,-1.0815274234847085,-4.004980719838695,54.99934391812098,81.64938984385252,7546
-0.3,0.1,0.15000000000000002,0.30000000000000004,-1.1254500066184567,-1.0816464230944165,-3.974997080121593,54.96228271564447,81.61364381764513,7543
-0.3,0.1,0.15000000000000002,0.3500000000000001,-1.1258025737881685,-1.0817194866542998,-3.971801794324474,55.020659801928254,81.64229028661376,7541
-0.3,0.1,0.15000000000000002,0.4000000000000001,-1.1286025966773736,-1.0822678051545198,-4.003575123105602,55.00819940964251,81.64644145621516,7543
-0.3,0.1,0.15000000000000002,0.45000000000000007,-1.1294033040353182,-1.0829862463059685,-3.98559544161375,55.047556575926535,81.65300098392916,7543
-0.3,0.1,0.15000000000000002,0.5000000000000001,-1.1302992128625786,-1.0830082092177078,-4.12189618423994,55.04394595303687,81.65420438147711,7542
-0.3,0.1,0.20000000000000004,0.15,-1.1251983797981138,-1.0879885293219806,-3.8965415127616687,55.34963196635121,82.13065194532071,7572
-0.3,0.1,0.20000000000000004,0.2,-1.134776386979344,-1.0913304803463375,-3.92710391357954,55.489887050170736,82.11189913317573,7560
-0.3,0.1,0.20000000000000004,0.25,-1.1372419846194723,-1.0907324013571174,-4.008796452555395,55.46361964801682,82.1184659837142,7560
-0.3,0.1,0.20000000000000004,0.30000000000000004,-1.137080798217769,-1.0906249664753889,-3.9753249874446164,55.426432932834345,82.08259470816098,7557
-0.3,0.1,0.20000000000000004,0.3500000000000001,-1.1374765670316902,-1.090937594269477,-3.971801794324474,55.47167334077332,82.11120593448435,7555
-0.3,0.1,0.20000000000000004,0.4000000000000001,-1.1402322805591623,-1.0913899684040604,-4.037367223772741,55.46218487394958,82.11003151260505,7556
-0.3,0.1,0.20000000000000004,0.45000000000000007,-1.141114343232518,-1.0917664417600965,-3.98559544161375,55.49501050420168,82.11659663865547,7556
-0.3,0.1,0.20000000000000004,0.5000000000000001,-1.1421187302980538,-1.0916298021678976,-4.12189618423994,55.49501050420168,82.11659663865547,7556
-0.3,0.1,0.25000000000000006,0.15,-1.1344825899972353,-1.0959982958845291,-3.9791996248107715,55.781106293522534,82.59755616870319,7566
-0.3,0.1,0.25000000000000006,0.2,-1.1453303997872653,-1.0996834341887407,-3.976503349099712,55.93487394957983,82.58928571428571,7556
-0.3,0.1,0.25000000000000006,0.25,-1.147695217488569,-1.0993767369416039,-4.054380095754222,55.91884971439826,82.61440483225002,7557
-0.3,0.1,0.25000000000000006,0.30000000000000004,-1.147537489597677,-1.0992525395516788,-4.02439645603712,55.89470920309834,82.57187869239858,7554
-0.3,0.1,0.25000000000000006,0.3500000000000001,-1.1479807993281892,-1.09950523820942,-4.021201170240001,55.93331583092676,82.5938566552901,7552
-0.3,0.1,0.25000000000000006,0.4000000000000001,-1.1508124394352024,-1.1004272800478754,-4.079806565317846,55.923859533967835,82.59271414506073,7553
-0.3,0.1,0.25000000000000006,0.45000000000000007,-1.151789248000224,-1.1007977328285792,-4.044167435918407,55.95011486708238,82.60584181161799,7553
-0.3,0.1,0.25000000000000006,0.5000000000000001,-1.1527939466157369,-1.1005299245023057,-4.180468625579433,55.95011486708238,82.60584181161799,7553
-0.3,0.1,0.30000000000000004,0.15,-1.1425992921687047,-1.1019922264622086,-4.022308922563152,56.22331691297209,82.51559934318556,7563
-0.3,0.1,0.30000000000000004,0.2,-1.1535923583130778,-1.1077429924837512,-4.027834176096655,56.36817226890757,82.50393907563026,7556
-0.3,0.1,0.30000000000000004,0.25,-1.1555939692434873,-1.1071764041642314,-4.1253898432585965,56.36817226890757,82.52363445378151,7556
-0.3,0.1,0.30000000000000004,0.30000000000000004,-1.1554282361593606,-1.1074799349330764,-4.09191852715943,56.35050869707909,82.4942566458812,7553
-0.3,0.1,0.30000000000000004,0.3500000000000001,-1.1559068342000116,-1.1075437861500186,-4.086647450003363,56.37592701975455,82.51624335499113,7551
-0.3,0.1,0.30000000000000004,0.4000000000000001,-1.1588116342440908,-1.1077651371779917,-4.153960972103811,56.379627198739826,82.52165922814387,7552
-0.3,0.1,0.30000000000000004,0.45000000000000007,-1.1599096399901818,-1.1089149520737545,-4.087276852880077,56.40588080861119,82.53478603307954,7552
-0.3,0.1,0.30000000000000004,0.5000000000000001,-1.160915842913485,-1.1089149520737545,-4.223578102145748,56.40588080861119,82.53478603307954,7552
-0.3,0.1,0.3500000000000001,0.15,-1.1507270263756442,-1.1075682198196042,-4.108724503788687,56.504892624942535,82.52446312471268,7561
-0.3,0.1,0.3500000000000001,0.2,-1.1615985272332343,-1.1136109018515614,-4.134725241932608,56.56426414598923,82.56531442825259,7554
-0.3,0.1,0.3500000000000001,0.25,-1.163466873170019,-1.1126418688685507,-4.165208338770605,56.58110680758879,82.57729928444823,7555
-0.3,0.1,0.3500000000000001,0.30000000000000004,-1.163145978348727,-1.1120203744442376,-4.132419555458761,56.55969022773512,82.53593227013192,7551
-0.3,0.1,0.3500000000000001,0.3500000000000001,-1.1636347206612507,-1.1128910570361976,-4.127148478302694,56.60476409213203,82.5447864033073,7549
-0.3,0.1,0.3500000000000001,0.4000000000000001,-1.166629749194001,-1.113686634007161,-4.210881679329611,56.59535372096075,82.54364089775561,7550
-0.3,0.1,0.3500000000000001,0.45000000000000007,-1.1678534022406566,-1.1140158936168723,-4.1437770715091,56.621603885024285,82.55676597978737,7550
-0.3,0.1,0.3500000000000001,0.5000000000000001,-1.1688645512870957,-1.1140158936168723,-4.2658702202182575,56.621603885024285,82.55676597978737,7550
-0.3,0.1,0.40000000000000013,0.15,-1.1584393796214136,-1.1115276121447177,-4.138468778882579,56.7075973471666,82.69091864206447,7559
-0.3,0.1,0.40000000000000013,0.2,-1.169413549490332,-1.114227071285168,-4.149929850373007,56.855923859533966,82.69773547751888,7553
-0.3,0.1,0.40000000000000013,0.25,-1.1707729644646334,-1.1138661448028002,-4.170439182791449,56.8427961929767,82.71086314407614,7553
-0.3,0.1,0.40000000000000013,0.30000000000000004,-1.170413318096455,-1.1138462463691254,-4.1376502206656705,56.818480115500726,82.68145425908912,7550
-0.3,0.1,0.40000000000000013,0.3500000000000001,-1.1708866065670018,-1.113915841877616,-4.132379143509604,56.88320209973753,82.70341207349081,7548
-0.3,0.1,0.40000000000000013,0.4000000000000001,-1.1739377064309742,-1.1151087922163754,-4.216112523350454,56.87381061749459,82.70227705230002,7549
-0.3,0.1,0.40000000000000013,0.45000000000000007,-1.175413211549775,-1.1160569498150261,-4.170846975598888,56.89349694861867,82.70227705230002,7549
-0.3,0.1,0.40000000000000013,0.5000000000000001,-1.1764299821615174,-1.1159136571704082,-4.307148165259914,56.89349694861867,82.70227705230002,7549
-0.3,0.1,0.4500000000000001,0.15,-1.1671570176764097,-1.117839106948831,-4.238750434671001,57.019963225636985,82.69634883110061,7560
-0.3,0.1,0.4500000000000001,0.2,-1.1780204005347688,-1.1205753858372351,-4.236054248366909,57.21693468985888,82.77650147686248,7553
-0.3,0.1,0.4500000000000001,0.25,-1.1789037828609932,-1.120040552805026,-4.234723574672298,57.186925702284064,82.79732213179312,7552
-0.3,0.1,0.4500000000000001,0.30000000000000004,-1.1783883752855577,-1.1200923624160626,-4.222624795523392,57.17566769473063,82.76133604567228,7549
-0.3,0.1,0.4500000000000001,0.3500000000000001,-1.1788534608149566,-1.1199887431939892,-4.203499621902065,57.22065481267633,82.78328193688078,7547
-0.3,0.1,0.4500000000000001,0.4000000000000001,-1.1819348949443598,-1.1203442826133083,-4.235272950683193,57.21128608923885,82.7755905511811,7548
-0.3,0.1,0.4500000000000001,0.45000000000000007,-1.1836772227241406,-1.1210233477180802,-4.272384948287563,57.23097112860892,82.78215223097114,7548
-0.3,0.1,0.4500000000000001,0.5000000000000001,-1.1846998079809652,-1.1209866130264645,-4.408685929332332,57.23753280839895,82.78215223097114,7548
-0.3,0.1,0.5000000000000001,0.15,-1.1742482072531757,-1.1204379605345043,-4.258285380158977,57.288246881155615,82.69205515430073,7558
-0.3,0.1,0.5000000000000001,0.2,-1.1849853118724707,-1.1242909278634354,-4.258259551611649,57.47850626763798,82.75907330839404,7551
-0.3,0.1,0.5000000000000001,0.25,-1.1858424278973214,-1.1232091467153626,-4.268868910160767,57.48884221580467,82.78419532685744,7552
-0.3,0.1,0.5000000000000001,0.30000000000000004,-1.1851855082986287,-1.1233005717826825,-4.266578244057404,57.46719160104987,82.74278215223097,7548
-0.3,0.1,0.5000000000000001,0.3500000000000001,-1.1856412310544917,-1.1232080297687248,-4.213060773168163,57.51213751476184,82.76472903818397,7546
-0.3,0.1,0.5000000000000001,0.4000000000000001,-1.1887362961746015,-1.1241264315149175,-4.244834161553936,57.49622728167443,82.7635981890952,7547
-0.3,0.1,0.5000000000000001,0.45000000000000007,-1.19064128176908,-1.1247977437794974,-4.2819456823211475,57.51591102946001,82.77015943835706,7547
-0.3,0.1,0.5000000000000001,0.5000000000000001,-1.1916672137531268,-1.1247977437794974,-4.418246931586818,57.52247227872187,82.77015943835706,7547
-0.3,0.2,0.1,0.15,-1.1032754742778568,-1.0703757386887753,-3.9013715155463977,54.41591700045964,81.26600564712062,7559
-0.3,0.2,0.1,0.2,-1.1117502714267855,-1.072870262720212,-3.9319340355735584,54.480451325111524,81.17948045132512,7544
-0.3,0.2,0.1,0.25,-1.1146514042805766,-1.0727338320882112,-4.009810722623424,54.45778390080693,81.21104769402349,7545
-0.3,0.2,0.1,0.30000000000000004,-1.1144839394204258,-1.072521863946644,-3.9798272021156116,54.44050898596353,81.16883116883116,7542
-0.3,0.2,0.1,0.3500000000000001,-1.1149981693997009,-1.072870262720212,-3.9766318567138477,54.486422668240856,81.2081857536403,7542
-0.3,0.2,0.1,0.4000000000000001,-1.1173988842737184,-1.073393963405847,-4.008405125890331,54.49596641962353,81.20941824621238,7541
-0.3,0.2,0.1,0.45000000000000007,-1.1181476629257436,-1.0735626125987805,-3.9904255636077686,54.53531842329639,81.20285957893356,7541
-0.3,0.2,0.1,0.5000000000000001,-1.1191497445989702,-1.0734082964805511,-4.126726306233959,54.52875975601758,81.21597691349119,7541
-0.3,0.2,0.15000000000000002,0.15,-1.1132742333629588,-1.0788252002316003,-3.9123305447440906,54.914319480007876,81.62300571203467,7557
-0.3,0.2,0.15000000000000002,0.2,-1.1224185392344717,-1.081583124777319,-3.9428929455619617,55.0321480120719,81.59690329353103,7546
-0.3,0.2,0.15000000000000002,0.25,-1.1251594932944067,-1.0814504968974445,-4.020769692216472,54.957023817334814,81.60225706974607,7547
-0.3,0.2,0.15000000000000002,0.30000000000000004,-1.1248767462714457,-1.0814504968974445,-3.990786112104015,54.92292554936044,81.5546080682191,7543
-0.3,0.2,0.15000000000000002,0.3500000000000001,-1.1253338491066947,-1.0816373427441413,-3.9875908263068958,54.97835497835498,81.59517250426342,7542
-0.3,0.2,0.15000000000000002,0.4000000000000001,-1.12792042063114,-1.0818789652050125,-4.019364035878734,54.965236783418604,81.58861340679523,7542
-0.3,0.2,0.15000000000000002,0.45000000000000007,-1.1287208715292012,-1.0827293085078242,-4.001384413991527,55.00459136822773,81.58861340679523,7542
-0.3,0.2,0.15000000000000002,0.5000000000000001,-1.1297230192975591,-1.0827293085078242,-4.137685216222362,55.00459136822773,81.58205430932703,7542
-0.3,0.2,0.20000000000000004,0.15,-1.1246245892942148,-1.0882347823940108,-3.9123305447440906,55.32991587802313,82.09779179810725,7572
-0.3,0.2,0.20000000000000004,0.2,-1.1342030763278639,-1.090549703894364,-3.9428929455619617,55.45705279747833,82.0856317310218,7560
-0.3,0.2,0.20000000000000004,0.25,-1.1366686741194207,-1.090549703894364,-4.020769692216472,55.41765169424744,82.0856317310218,7560
-0.3,0.2,0.20000000000000004,0.30000000000000004,-1.1365079874345803,-1.09050805147487,-3.990786112104015,55.393605147396755,82.04320136563588,7557
-0.3,0.2,0.20000000000000004,0.3500000000000001,-1.1370091545706806,-1.0907852121203085,-3.9875908263068958,55.44248949579832,82.07720588235294,7556
-0.3,0.2,0.20000000000000004,0.4000000000000001,-1.1395488568103995,-1.0910632085338157,-4.037367223772741,55.425720475283924,82.06525306899495,7555
-0.3,0.2,0.20000000000000004,0.45000000000000007,-1.1404306574341978,-1.0915553988843196,-4.001384413991527,55.45854395063349,82.07181776406486,7555
-0.3,0.2,0.20000000000000004,0.5000000000000001,-1.1414349784892184,-1.091224537923801,-4.137685216222362,55.45854395063349,82.07181776406486,7555
-0.3,0.2,0.25000000000000006,0.15,-1.1339119261072605,-1.095816564658626,-3.994988537583904,55.76139797661279,82.57784785179346,7566
-0.3,0.2,0.25000000000000006,0.2,-1.1447598772655312,-1.0990888393457285,-3.9922922618728443,55.91517857142857,82.54332983193278,7556
-0.3,0.2,0.25000000000000006,0.25,-1.1471246647346898,-1.0987319458643758,-4.070169008527355,55.899153043135705,82.56188037554986,7557
-0.3,0.2,0.25000000000000006,0.30000000000000004,-1.1469674357621817,-1.0987745828937503,-4.040185488019542,55.86845214651438,82.53249310752264,7554
-0.3,0.2,0.25000000000000006,0.3500000000000001,-1.147516812186789,-1.0990349018499936,-4.036990202222423,55.91073186741057,82.55333114538891,7553
-0.3,0.2,0.25000000000000006,0.4000000000000001,-1.1502397515255551,-1.0996666799705335,-4.079806565317846,55.90416803413193,82.54676731211028,7553
-0.3,0.2,0.25000000000000006,0.45000000000000007,-1.1511076399166977,-1.0999708027229933,-4.059956348691539,55.93331583092676,82.54791283801522,7552
-0.3,0.2,0.25000000000000006,0.5000000000000001,-1.1521122729125441,-1.099761969757888,-4.196257538352565,55.93331583092676,82.54791283801522,7552
-0.3,0.2,0.30000000000000004,0.15,-1.1422444142615744,-1.1019171744278289,-4.038097835336284,56.197858503580115,82.48045720291664,7565
-0.3,0.2,0.30000000000000004,0.2,-1.15302196350421,-1.1075241248239636,-4.035401559625225,56.3484768907563,82.47111344537815,7556
-0.3,0.2,0.30000000000000004,0.25,-1.1550235741226706,-1.106608733848204,-4.1253898432585965,56.3484768907563,82.49080882352942,7556
-0.3,0.2,0.30000000000000004,0.30000000000000004,-1.1548583398082901,-1.1068797248186608,-4.09191852715943,56.317689530685925,82.45487364620938,7553
-0.3,0.2,0.30000000000000004,0.3500000000000001,-1.1554435178205005,-1.1073335877961683,-4.086647450003363,56.34681018640063,82.48227881333683,7552
-0.3,0.2,0.30000000000000004,0.4000000000000001,-1.1582391041963684,-1.1076141794446699,-4.153960972103811,56.35337358886847,82.48227881333683,7552
-0.3,0.2,0.30000000000000004,0.45000000000000007,-1.159227663806961,-1.107765480697073,-4.103065765653209,56.37592701975455,82.48342849642319,7551
-0.3,0.2,0.30000000000000004,0.5000000000000001,-1.160233800831832,-1.107765480697073,-4.23936701491888,56.36936404804095,82.48342849642319,7551
-0.3,0.2,0.3500000000000001,0.15,-1.1501575253316252,-1.1075437861500186,-4.108724503788687,56.48519077953635,82.47849215209826,7561
-0.3,0.2,0.3500000000000001,0.2,-1.1610284543019886,-1.1126673563257983,-4.134725241932608,56.551135617697255,82.52592884337666,7554
-0.3,0.2,0.3500000000000001,0.25,-1.162896515612756,-1.111954571548045,-4.165208338770605,56.56797741744896,82.55104050416858,7555
-0.3,0.2,0.3500000000000001,0.30000000000000004,-1.1625764041981719,-1.1117025890518426,-4.132419555458761,56.53343834088075,82.49655443985037,7551
-0.3,0.2,0.3500000000000001,0.3500000000000001,-1.1631722196799723,-1.1121258988707112,-4.127148478302694,56.58222863892899,82.52395327470796,7550
-0.3,0.2,0.3500000000000001,0.4000000000000001,-1.166057541716307,-1.112953348362539,-4.210881679329611,56.575666097913114,82.52395327470796,7550
-0.3,0.2,0.3500000000000001,0.45000000000000007,-1.1671712417138034,-1.113197166903633,-4.145357883725719,56.598201981757335,82.5251000721832,7549
-0.3,0.2,0.3500000000000001,0.5000000000000001,-1.1681823247028313,-1.113197166903633,-4.28165913299139,56.598201981757335,82.5251000721832,7549
-0.3,0.2,0.40000000000000013,0.15,-1.157869963269174,-1.1111224291742938,-4.154257810865001,56.668198831177364,82.65808654540679,7559
-0.3,0.2,0.40000000000000013,0.2,-1.1688432665538933,-1.1141038741508422,-4.151561535153942,56.82966852641943,82.67148014440433,7553
-0.3,0.2,0.40000000000000013,0.25,-1.1702026815599826,-1.1136766476158437,-4.180428571258144,56.82966852641943,82.69773547751888,7553
-0.3,0.2,0.40000000000000013,0.30000000000000004,-1.1698435340593327,-1.1132787055320696,-4.150444842134075,56.7922299514372,82.66176663604148,7550
-0.3,0.2,0.40000000000000013,0.3500000000000001,-1.1704243646608432,-1.113312316645472,-4.1472496159416,56.867248507119896,82.68915283155063,7549
-0.3,0.2,0.40000000000000013,0.4000000000000001,-1.1733652891891175,-1.1142174548382155,-4.216112523350454,56.860686396745194,82.68259072117593,7549
-0.3,0.2,0.40000000000000013,0.45000000000000007,-1.1747303525101431,-1.1151415919923142,-4.186635858569698,56.88320209973753,82.67060367454067,7548
-0.3,0.2,0.40000000000000013,0.5000000000000001,-1.175747056554497,-1.1149475260032822,-4.322937167440013,56.88320209973753,82.67060367454067,7548
-0.3,0.2,0.4500000000000001,0.15,-1.1665876349567215,-1.1170266287044042,-4.254539347444133,56.99369582348306,82.6569477278697,7560
-0.3,0.2,0.4500000000000001,0.2,-1.1774504356077915,-1.120205448762708,-4.251843250547008,57.197243190022974,82.75024614374796,7553
-0.3,0.2,0.4500000000000001,0.25,-1.1783338484083126,-1.11978782146085,-4.25051248744543,57.180362299816224,82.78419532685744,7552
-0.3,0.2,0.4500000000000001,0.30000000000000004,-1.1778189394357739,-1.1197189444818492,-4.222624795523392,57.155981363606536,82.74164971454819,7549
-0.3,0.2,0.4500000000000001,0.3500000000000001,-1.17839208271043,-1.11978782146085,-4.219288594279842,57.21128608923885,82.76902887139109,7548
-0.3,0.2,0.4500000000000001,0.4000000000000001,-1.1813628257899578,-1.1201321542370066,-4.25106192306097,57.204724409448815,82.75590551181102,7548
-0.3,0.2,0.4500000000000001,0.45000000000000007,-1.1829941769251469,-1.1203377421185157,-4.28817392066534,57.22065481267633,82.75047569057149,7547
-0.3,0.2,0.4500000000000001,0.5000000000000001,-1.1840166952327926,-1.1203377421185157,-4.424475140128688,57.22721606193819,82.75047569057149,7547
-0.3,0.2,0.5000000000000001,0.15,-1.1736794256880274,-1.1202065292659178,-4.274074292932109,57.2554169402495,82.64609323703218,7558
-0.3,0.2,0.5000000000000001,0.2,-1.1844156795503475,-1.1238193524440536,-4.271378196034984,57.45225438078362,82.73282142153967,7551
-0.3,0.2,0.5000000000000001,0.25,-1.1852725109253992,-1.1228330066117178,-4.268868910160767,57.482278813336826,82.77106852192176,7552
-0.3,0.2,0.5000000000000001,0.30000000000000004,-1.1846163745349383,-1.1228093076303896,-4.266578244057404,57.447506561679795,82.72965879265092,7548
-0.3,0.2,0.5000000000000001,0.3500000000000001,-1.185180593283172,-1.122798403884274,-4.228849775348262,57.502788530936286,82.75703693983334,7547
-0.3,0.2,0.5000000000000001,0.4000000000000001,-1.1881645293811884,-1.1236501261418965,-4.260623163734035,57.489666032412565,82.75047569057149,7547
-0.3,0.2,0.5000000000000001,0.45000000000000007,-1.1899580885878236,-1.1240915668161722,-4.297734356675701,57.50557669597166,82.74504658181341,7546
-0.3,0.2,0.5000000000000001,0.5000000000000001,-1.1909839535463358,-1.1240915668161722,-4.434035903964595,57.51213751476184,82.74504658181341,7546
-0.4,0.0,0.1,0.15,-1.1692278026842364,-1.1685078201804382,-3.9701732841232262,59.82195457223277,82.55547555148262,7511
-0.4,0.0,0.1,0.2,-1.1781147442218112,-1.176967716093797,-4.0075062957504235,60.0444822398116,82.59959442663701,7501
-0.4,0.0,0.1,0.25,-1.1816098928697565,-1.1767000584375584,-4.093099333341406,60.02748151540928,82.62775633056337,7505
-0.4,0.0,0.1,0.30000000000000004,-1.1810370389200728,-1.1765903829269662,-4.089848734433935,60.02354634050625,82.55608607495584,7499
-0.4,0.0,0.1,0.3500000000000001,-1.1811674450324838,-1.1768079185391125,-4.092548228795812,60.01569550716107,82.55836766725525,7497
-0.4,0.0,0.1,0.4000000000000001,-1.1834096949963069,-1.1770716140135398,-4.130808450277136,60.02877509646197,82.58452684585704,7497
-0.4,0.0,0.1,0.45000000000000007,-1.1827210742427854,-1.1769472623612267,-4.0696064010217645,60.03531489111242,82.59106664050749,7497
-0.4,0.0,0.1,0.5000000000000001,-1.1848254465388128,-1.1772362673632166,-4.1326403394296625,60.03531489111242,82.58452684585704,7497
-0.4,0.0,0.15000000000000002,0.15,-1.1806262234017337,-1.1755283302720652,-3.9920110550620995,60.39441787328834,83.01775535608989,7525
-0.4,0.0,0.15000000000000002,0.2,-1.1896573285746666,-1.1809900651341623,-4.029344007084652,60.606259002226004,83.06926803718738,7514
-0.4,0.0,0.15000000000000002,0.25,-1.192885877810628,-1.1814008278456083,-4.1139794960573175,60.591971711086366,83.09213542007727,7517
-0.4,0.0,0.15000000000000002,0.30000000000000004,-1.1924121635714227,-1.181326295279575,-4.110728956754492,60.57868551976957,83.03875360041896,7512
-0.4,0.0,0.15000000000000002,0.3500000000000001,-1.1927063272503906,-1.1816934660368996,-4.113428510721014,60.62054068207109,83.0660469987563,7511
-0.4,0.0,0.15000000000000002,0.4000000000000001,-1.1949162971571508,-1.1821727094075196,-4.152473911354824,60.583846053148314,83.06061002749051,7510
-0.4,0.0,0.15000000000000002,0.45000000000000007,-1.1942794870018119,-1.1824144782488428,-4.090486742551611,60.60348213116901,83.06061002749051,7510
-0.4,0.0,0.15000000000000002,0.5000000000000001,-1.1963868404953615,-1.1825478801754303,-4.153520561750219,60.61002749050923,83.06061002749051,7510
-0.4,0.0,0.20000000000000004,0.15,-1.191116378286439,-1.18150407038428,-3.99534265668182,60.79716795594599,83.40107512783533,7534
-0.4,0.0,0.20000000000000004,0.2,-1.201123715909183,-1.188555282235023,-4.032675549099728,61.00517659393224,83.4480047179084,7527
-0.4,0.0,0.20000000000000004,0.25,-1.2041864643845148,-1.1887481487959972,-4.107085682447241,60.99095556429413,83.45130423384454,7530
-0.4,0.0,0.20000000000000004,0.30000000000000004,-1.2038379404577415,-1.1886438980805105,-4.10383508353977,60.97497051500459,83.41632813523785,7526
-0.4,0.0,0.20000000000000004,0.3500000000000001,-1.2041732685523932,-1.1895656876205196,-4.106534518297003,60.997182729476506,83.44362183057066,7525
-0.4,0.0,0.20000000000000004,0.4000000000000001,-1.2063322403989503,-1.189629015395297,-4.155805393765255,60.98264002620374,83.42613822469703,7523
-0.4,0.0,0.20000000000000004,0.45000000000000007,-1.2057753851526185,-1.189629015395297,-4.092302605221554,61.008843760235834,83.42613822469703,7523
-0.4,0.0,0.20000000000000004,0.5000000000000001,-1.2078853066307171,-1.189629015395297,-4.154771491596981,61.008843760235834,83.42613822469703,7523
-0.4,0.0,0.25000000000000006,0.15,-1.1997743007056847,-1.185929145238223,-3.9936285463073693,60.94763745985976,83.64899403630645,7529
-0.4,0.0,0.25000000000000006,0.2,-1.211381742266647,-1.1936786879468437,-4.030961557934567,61.280387916912396,83.74287399252998,7527
-0.4,0.0,0.25000000000000006,0.25,-1.214237904379346,-1.194123943831134,-4.121726848180578,61.22689736531656,83.74623148512256,7530
-0.4,0.0,0.25000000000000006,0.30000000000000004,-1.213780954111323,-1.1940342956570522,-4.1184761896684625,61.21994365458953,83.69258992334403,7525
-0.4,0.0,0.25000000000000006,0.3500000000000001,-1.214165319115227,-1.1945804253171657,-4.121175743634985,61.23558700209644,83.72641509433963,7524
-0.4,0.0,0.25000000000000006,0.4000000000000001,-1.2166266106662362,-1.1951469946792566,-4.159435845907018,61.229035639413,83.71986373165619,7524
-0.4,0.0,0.25000000000000006,0.45000000000000007,-1.216051832989593,-1.194773473557239,-4.098234154279516,61.2381264330167,83.72093023255815,7523
-0.4,0.0,0.25000000000000006,0.5000000000000001,-1.2181622623566637,-1.1950431186756536,-4.16126779466419,61.244677366524726,83.72748116606617,7523
-0.4,0.0,0.30000000000000004,0.15,-1.2087609923178395,-1.1946083884413454,-4.006747282300548,61.21271714192068,83.79547689282202,7533
-0.4,0.0,0.30000000000000004,0.2,-1.2196307850687214,-1.201333152809374,-4.030346490438268,61.49259599004062,83.868431398244,7526
-0.4,0.0,0.30000000000000004,0.25,-1.2222340005259074,-1.202611273916785,-4.121726848180578,61.47191821220264,83.85870633724359,7529
-0.4,0.0,0.30000000000000004,0.30000000000000004,-1.2218815263052687,-1.202661482469506,-4.1184761896684625,61.449256371617636,83.81052217781563,7525
-0.4,0.0,0.30000000000000004,0.3500000000000001,-1.222301648533597,-1.2034072147217552,-4.121175743634985,61.464884696016775,83.83778825995807,7524
-0.4,0.0,0.30000000000000004,0.4000000000000001,-1.224835632335961,-1.2041094761259594,-4.159435845907018,61.47798742138365,83.83778825995807,7524
-0.4,0.0,0.30000000000000004,0.45000000000000007,-1.224381348300116,-1.2040704403991862,-4.098234154279516,61.49361283982968,83.82574516868654,7523
-0.4,0.0,0.30000000000000004,0.5000000000000001,-1.2264933441892174,-1.2041485118527324,-4.16126779466419,61.49361283982968,83.82574516868654,7523
-0.4,0.0,0.3500000000000001,0.15,-1.216721307985685,-1.2001414833213362,-4.106565623554922,61.47444298820446,83.74180865006554,7528
-0.4,0.0,0.3500000000000001,0.2,-1.2273456634907922,-1.2101801612493495,-4.132565974268652,61.74351585014409,83.82892323814514,7520
-0.4,0.0,0.3500000000000001,0.25,-1.2299347286221614,-1.210998231048059,-4.160471051010824,61.74408700779664,83.8301775535609,7525
-0.4,0.0,0.3500000000000001,0.30000000000000004,-1.2294228523105843,-1.2106058062559644,-4.155088700349615,61.723866911186796,83.77652606759234,7520
-0.4,0.0,0.3500000000000001,0.3500000000000001,-1.229853541022118,-1.211239379783934,-4.157788015897558,61.74602135044862,83.81033466500753,7519
-0.4,0.0,0.3500000000000001,0.4000000000000001,-1.232476615475124,-1.2118644685241118,-4.206144600186087,61.74602135044862,83.80378544763902,7519
-0.4,0.0,0.3500000000000001,0.45000000000000007,-1.2321475073084234,-1.211971608848086,-4.145353898117825,61.774721676489854,83.7917485265226,7518
-0.4,0.0,0.3500000000000001,0.5000000000000001,-1.234263878792649,-1.2121169138812604,-4.209985791716314,61.774721676489854,83.7917485265226,7518
-0.4,0.0,0.40000000000000013,0.15,-1.2241375977861833,-1.2064487970913913,-4.132974601541118,61.611529642974126,83.83884703570259,7523
-0.4,0.0,0.40000000000000013,0.2,-1.2349765198219649,-1.2144453151152712,-4.1477709105345975,61.908191997904524,83.91068037456617,7517
-0.4,0.0,0.40000000000000013,0.25,-1.2369399019551126,-1.2159347175594588,-4.175384022290991,61.89415771548337,83.93371757925073,7520
-0.4,0.0,0.40000000000000013,0.30000000000000004,-1.2363932774955022,-1.214582319805797,-4.172133482988165,61.86485070717653,83.87899423782085,7516
-0.4,0.0,0.40000000000000013,0.3500000000000001,-1.2368089607000605,-1.2156684804690376,-4.174832798536108,61.906632619655596,83.91278727165586,7515
-0.4,0.0,0.40000000000000013,0.4000000000000001,-1.2394870159429743,-1.2160862839647728,-4.225839689085766,61.906632619655596,83.90623976952793,7515
-0.4,0.0,0.40000000000000013,0.45000000000000007,-1.23940889060126,-1.2160185192359168,-4.171509429524227,61.91567369385884,83.89419929291607,7514
-0.4,0.0,0.40000000000000013,0.5000000000000001,-1.2415303827016728,-1.216242140862073,-4.233978584120556,61.91567369385884,83.89419929291607,7514
-0.4,0.0,0.4500000000000001,0.15,-1.232745323519571,-1.213143106815605,-4.234657681737499,61.839261151503244,83.84751424641384,7521
-0.4,0.0,0.4500000000000001,0.2,-1.2434586523587419,-1.2211427534673076,-4.262765573349701,62.14482126489459,83.92038758674872,7514
-0.4,0.0,0.4500000000000001,0.25,-1.2451737709069888,-1.2223330005779922,-4.2714277673632965,62.108709888670596,83.94237066142763,7518
-0.4,0.0,0.4500000000000001,0.30000000000000004,-1.244470544035078,-1.2220661984057175,-4.269137190666901,62.10553882414561,83.89419929291607,7514
-0.4,0.0,0.4500000000000001,0.3500000000000001,-1.2448785347711673,-1.2224046847373418,-4.240470893676565,62.14075286415712,83.9279869067103,7513
-0.4,0.0,0.4500000000000001,0.4000000000000001,-1.2475861823597285,-1.2227389188795512,-4.290786817381664,62.14075286415712,83.91489361702128,7513
-0.4,0.0,0.4500000000000001,0.45000000000000007,-1.2477738276340846,-1.2228429848234135,-4.236456647227093,62.149777428646246,83.90940036658812,7512
-0.4,0.0,0.4500000000000001,0.5000000000000001,-1.2499009105026515,-1.2230946047028355,-4.3142521150451465,62.143231212359254,83.90940036658812,7512
-0.4,0.0,0.5000000000000001,0.15,-1.2400212331810259,-1.2186020339506094,-4.273500129292294,61.946554886036154,83.84202253078334,7520
-0.4,0.0,0.5000000000000001,0.2,-1.2507172817864345,-1.223895525058024,-4.349558578816162,62.24302736676706,83.93348173366505,7514
-0.4,0.0,0.5000000000000001,0.25,-1.2520734274490561,-1.2248390039789028,-4.366062717524277,62.235609979700094,83.94342217274573,7517
-0.4,0.0,0.5000000000000001,0.30000000000000004,-1.251338007137955,-1.2238533482285359,-4.363772081223236,62.219312602291325,83.89525368248772,7513
-0.4,0.0,0.5000000000000001,0.3500000000000001,-1.2517370999668276,-1.2251829219020611,-4.269432254131124,62.261063105525004,83.92903901544906,7512
-0.4,0.0,0.5000000000000001,0.4000000000000001,-1.2544579264378612,-1.225663483178117,-4.32820056350021,62.261063105525004,83.9159465828751,7512
-0.4,0.0,0.5000000000000001,0.45000000000000007,-1.2548074987867683,-1.225647334231587,-4.312428965876385,62.263533416246645,83.91045362309355,7511
-0.4,0.0,0.5000000000000001,0.5000000000000001,-1.256937848860641,-1.2258196535540702,-4.374897166798397,62.25698762846108,83.91045362309355,7511
-0.4,0.1,0.1,0.15,-1.1553463443018965,-1.1439242709318487,-3.998743340084835,57.99044940145222,82.15477202852097,7501
-0.4,0.1,0.1,0.2,-1.165671585335634,-1.1510678687647826,-4.036076351712032,58.13877444248251,82.23137793473285,7497
-0.4,0.1,0.1,0.25,-1.1686063742204196,-1.1511525193674048,-4.10671434551029,58.11261526388072,82.2379177293833,7497
-0.4,0.1,0.1,0.30000000000000004,-1.1683495596047209,-1.1513795708534809,-4.103463806207464,58.08813913953185,82.17601673859029,7494
-0.4,0.1,0.1,0.3500000000000001,-1.1686855679706636,-1.1515157136369372,-4.106163360173986,58.110493625367766,82.19679633867277,7493
-0.4,0.1,0.1,0.4000000000000001,-1.1713531301835745,-1.1516755191487935,-4.1592062559822045,58.11809324527562,82.2337016935853,7495
-0.4,0.1,0.1,0.45000000000000007,-1.1708939587052651,-1.1526860193309698,-4.095702990601345,58.133908722374784,82.21524780959854,7494
-0.4,0.1,0.1,0.5000000000000001,-1.1731846579499046,-1.1525619865943857,-4.158171936581417,58.130107878391634,82.20987250735534,7493
-0.4,0.1,0.15000000000000002,0.15,-1.1659736740110591,-1.1496137489247795,-4.020581111023708,58.41130668062553,82.61466989465418,7505
-0.4,0.1,0.15000000000000002,0.2,-1.1765467447957307,-1.1582575090892169,-4.057914063046261,58.52685288153333,82.70425852031138,7501
-0.4,0.1,0.15000000000000002,0.25,-1.1794318524804444,-1.1582486125967169,-4.1275945678308466,58.50451393431898,82.7031270443543,7502
-0.4,0.1,0.15000000000000002,0.30000000000000004,-1.179165652339438,-1.158307997107511,-4.124344028528021,58.47995290731899,82.66073647720583,7499
-0.4,0.1,0.15000000000000002,0.3500000000000001,-1.179551807020335,-1.1587013080673283,-4.127043463285253,58.50882930019621,82.69457161543492,7498
-0.4,0.1,0.15000000000000002,0.4000000000000001,-1.182081780300421,-1.1588892238774966,-4.181043967316433,58.489208633093526,82.69457161543492,7498
-0.4,0.1,0.15000000000000002,0.45000000000000007,-1.1817849819130115,-1.1598225995205569,-4.1175409999587975,58.50882930019621,82.68803139306736,7498
-0.4,0.1,0.15000000000000002,0.5000000000000001,-1.1841857974967673,-1.1600048680131327,-4.180009856531902,58.50882930019621,82.68803139306736,7498
-0.4,0.1,0.20000000000000004,0.15,-1.1770191666933123,-1.156359834829999,-4.023912712643429,58.83701132866217,82.9873616659027,7517
-0.4,0.1,0.20000000000000004,0.2,-1.1881291353798318,-1.1672642673553453,-4.061245843479916,58.93944353518822,83.11620294599018,7513
-0.4,0.1,0.20000000000000004,0.25,-1.1908464599993263,-1.166456025682149,-4.129714771817013,58.93675527039414,83.09545633102003,7514
-0.4,0.1,0.20000000000000004,0.30000000000000004,-1.1905956958192343,-1.1664443575792656,-4.119324728558346,58.918635857825485,83.0660469987563,7511
-0.4,0.1,0.20000000000000004,0.3500000000000001,-1.190910935377299,-1.1672642673553453,-4.122024222920223,58.93055828261012,83.10098828457359,7509
-0.4,0.1,0.20000000000000004,0.4000000000000001,-1.1937273388641174,-1.1675166459833308,-4.1843754199245415,58.93827322118217,83.0987759376841,7511
-0.4,0.1,0.20000000000000004,0.45000000000000007,-1.1935098392720378,-1.1681954434578103,-4.1208727207878075,58.94481900896773,83.08568436211297,7511
-0.4,0.1,0.20000000000000004,0.5000000000000001,-1.1959128219658715,-1.1682734020953045,-4.183341398546978,58.95136479675329,83.08568436211297,7511
-0.4,0.1,0.25000000000000006,0.15,-1.1866598578388647,-1.163018902861851,-4.043885982785778,58.96411733892089,83.46647459402828,7516
-0.4,0.1,0.25000000000000006,0.2,-1.1987031808849984,-1.1721072028904773,-4.05953167350082,59.17392158146233,83.56352687045886,7511
-0.4,0.1,0.25000000000000006,0.25,-1.2012118862644252,-1.1712456279351984,-4.135341860349462,59.131971720345646,83.56899711966483,7512
-0.4,0.1,0.25000000000000006,0.30000000000000004,-1.2009660966923887,-1.171720670660386,-4.132091321046636,59.11381634923751,83.51331893448524,7509
-0.4,0.1,0.25000000000000006,0.3500000000000001,-1.2014408553144726,-1.1721341877020572,-4.134790755803869,59.129581151832454,83.56020942408377,7508
-0.4,0.1,0.25000000000000006,0.4000000000000001,-1.2042233600674515,-1.172876309016488,-4.182661458561703,59.13999607304143,83.57222331304405,7509
-0.4,0.1,0.25000000000000006,0.45000000000000007,-1.2041005359368884,-1.1732675938587471,-4.119158670018002,59.153085934943384,83.57222331304405,7509
-0.4,0.1,0.25000000000000006,0.5000000000000001,-1.2065037116692514,-1.173429110794253,-4.190781868253307,59.153085934943384,83.57222331304405,7509
-0.4,0.1,0.30000000000000004,0.15,-1.1953687622247724,-1.1725429694247924,-4.0869953997474475,59.34001178550383,83.51993714397958,7515
-0.4,0.1,0.30000000000000004,0.2,-1.2072351893272055,-1.1819477197766974,-4.089778102193431,59.51695248069119,83.58423877470872,7510
-0.4,0.1,0.30000000000000004,0.25,-1.2093773664676786,-1.1813828400220248,-4.181853561672903,59.503861762010736,83.55805733734782,7510
-0.4,0.1,0.30000000000000004,0.30000000000000004,-1.2092352140782263,-1.1813008351631866,-4.148382275376059,59.489528795811516,83.52094240837697,7508
-0.4,0.1,0.30000000000000004,0.3500000000000001,-1.209745648593434,-1.1817949895868285,-4.143111228022314,59.51181205418493,83.55474118185982,7507
-0.4,0.1,0.30000000000000004,0.4000000000000001,-1.212601131076466,-1.1822430891189561,-4.210424630913473,59.53534031413612,83.55366492146597,7508
-0.4,0.1,0.30000000000000004,0.45000000000000007,-1.2125992277633613,-1.1822430891189561,-4.116512462208553,59.541884816753935,83.54712041884817,7508
-0.4,0.1,0.30000000000000004,0.5000000000000001,-1.2150038116968855,-1.1825596350985899,-4.233891285214977,59.548429319371735,83.54712041884817,7508
-0.4,0.1,0.3500000000000001,0.15,-1.2035224317149977,-1.1780861765894508,-4.1651882222029935,59.612489363094845,83.5569810826733,7511
-0.4,0.1,0.3500000000000001,0.2,-1.215148935198988,-1.1886233062118747,-4.191188870939947,59.70686383563436,83.63541189557024,7505
-0.4,0.1,0.3500000000000001,0.25,-1.2170493942340845,-1.1872052737231757,-4.221672086987234,59.67414774586142,83.5961525878427,7505
-0.4,0.1,0.3500000000000001,0.30000000000000004,-1.2168618840727388,-1.1872052737231757,-4.188883184466101,59.67942427216225,83.5655871769709,7503
-0.4,0.1,0.3500000000000001,0.3500000000000001,-1.2173828384805594,-1.1872478105540496,-4.183612107310034,59.695145885123644,83.59937197435562,7502
-0.4,0.1,0.3500000000000001,0.4000000000000001,-1.220327711486352,-1.1888112879743211,-4.2673455467555295,59.699051357540064,83.59829898593392,7503
-0.4,0.1,0.3500000000000001,0.45000000000000007,-1.2204512139049994,-1.1888112879743211,-4.200240789923407,59.71213608112529,83.59175662414131,7503
-0.4,0.1,0.3500000000000001,0.5000000000000001,-1.2228600737662298,-1.1883573632643663,-4.290638207468725,59.71867844291789,83.59175662414131,7503
-0.4,0.1,0.40000000000000013,0.15,-1.2110498974399881,-1.181890517488084,-4.213222659383373,59.80892553330715,83.62125376259651,7506
-0.4,0.1,0.40000000000000013,0.2,-1.2228906107128024,-1.1898802043504464,-4.216005481038646,59.95682323694884,83.69750098129008,7502
-0.4,0.1,0.40000000000000013,0.25,-1.2243924766947443,-1.18947723776281,-4.244872457538204,59.950281303153204,83.67133324610755,7502
-0.4,0.1,0.40000000000000013,0.30000000000000004,-1.2240581005837399,-1.1889392533960934,-4.209819472585277,59.93589743589743,83.6342229199372,7500
-0.4,0.1,0.40000000000000013,0.3500000000000001,-1.2245640611791513,-1.1897134564483218,-4.206624097381191,59.94505853881876,83.66799659886193,7499
-0.4,0.1,0.40000000000000013,0.4000000000000001,-1.2275644400788532,-1.1905621734418907,-4.272576301369406,59.96206174777603,83.66692830978545,7500
-0.4,0.1,0.40000000000000013,0.45000000000000007,-1.2279390429830233,-1.1905745401766539,-4.205471544537283,59.968602825745684,83.6603872318158,7500
-0.4,0.1,0.40000000000000013,0.5000000000000001,-1.2303530994143714,-1.1906108853162136,-4.32752836421545,59.98168498168498,83.6603872318158,7500
-0.4,0.1,0.4500000000000001,0.15,-1.2198462029009545,-1.187189910680476,-4.315874821696834,59.98560397853684,83.70632116215155,7506
-0.4,0.1,0.4500000000000001,0.2,-1.2314537481639882,-1.19503781909959,-4.318657732759075,60.17137624280482,83.7650444793302,7500
-0.4,0.1,0.4500000000000001,0.25,-1.2325911315923164,-1.1951236693223841,-4.317327029262142,60.17791732077447,83.73233908948194,7500
-0.4,0.1,0.4500000000000001,0.30000000000000004,-1.2321020563115197,-1.1952334612679305,-4.284228957448558,60.15696533682146,83.69522563767168,7498
-0.4,0.1,0.4500000000000001,0.3500000000000001,-1.2326003223828093,-1.1952646414326809,-4.281033641849117,60.16611078412137,83.72899090968544,7497
-0.4,0.1,0.4500000000000001,0.4000000000000001,-1.2356307481555362,-1.196685735097554,-4.319356754133984,60.176586003924136,83.72138652714193,7498
-0.4,0.1,0.4500000000000001,0.45000000000000007,-1.2362713488250392,-1.1967464980440603,-4.295135415349559,60.18312622629169,83.72138652714193,7498
-0.4,0.1,0.4500000000000001,0.5000000000000001,-1.2386909523433378,-1.1967120215037172,-4.431436754022197,60.18312622629169,83.72138652714193,7498
-0.4,0.1,0.5000000000000001,0.15,-1.2271209923414605,-1.1901939043190963,-4.335409618173198,60.13871622063731,83.6615847673886,7505
-0.4,0.1,0.5000000000000001,0.2,-1.238711367744695,-1.1972584675547016,-4.362951235857712,60.315279958137104,83.77158555729984,7500
-0.4,0.1,0.5000000000000001,0.25,-1.239602562128662,-1.197730239964372,-4.373560504999863,60.29565672422815,83.7388801674516,7500
-0.4,0.1,0.5000000000000001,0.30000000000000004,-1.2390829328453472,-1.1979405596330719,-4.3712698985011444,60.281229561805105,83.70176586003925,7498
-0.4,0.1,0.5000000000000001,0.3500000000000001,-1.239572328647674,-1.1983903462773626,-4.294418945620342,60.290366882479894,83.73553070433589,7497
-0.4,0.1,0.5000000000000001,0.4000000000000001,-1.2426165541497982,-1.199137531746978,-4.356770500252529,60.30085022890779,83.72792674950948,7498
-0.4,0.1,0.5000000000000001,0.45000000000000007,-1.243419406235817,-1.199230569873827,-4.340998843024059,60.307390451275346,83.72792674950948,7498
-0.4,0.1,0.5000000000000001,0.5000000000000001,-1.2458424131793324,-1.199230569873827,-4.440997488055782,60.307390451275346,83.72792674950948,7498
-0.4,0.2,0.1,0.15,-1.1548833094904953,-1.143023719831016,-3.998743340084835,57.96807536307732,82.12089493654324,7502
-0.4,0.2,0.1,0.2,-1.1653158487061255,-1.150648082173475,-4.036076351712032,58.13983910000654,82.19635031722153,7499
-0.4,0.2,0.1,0.25,-1.1682513101732726,-1.1495344908420086,-4.10671434551029,58.107135849303425,82.20289096736215,7499
-0.4,0.2,0.1,0.30000000000000004,-1.167886361327637,-1.1506990841905216,-4.103463806207464,58.07885960897142,82.14869548159288,7495
-0.4,0.2,0.1,0.3500000000000001,-1.168220538301245,-1.1512265320938975,-4.106163360173986,58.08813913953185,82.16293971492088,7494
-0.4,0.2,0.1,0.4000000000000001,-1.1706696859497687,-1.1514455373983394,-4.1592062559822045,58.08813913953185,82.18255525042501,7494
-0.4,0.2,0.1,0.45000000000000007,-1.1702106457966672,-1.1518421295761785,-4.095702990601345,58.10395554102647,82.17718208564891,7493
-0.4,0.2,0.1,0.5000000000000001,-1.1726105007102257,-1.151843906701636,-4.158171936581417,58.10395554102647,82.17718208564891,7493
-0.4,0.2,0.15000000000000002,0.15,-1.165726309292645,-1.1488863485363119,-4.020581111023708,58.39005235602094,82.59816753926702,7508
-0.4,0.2,0.15000000000000002,0.2,-1.1760825008252311,-1.1578945320111615,-4.057914063046261,58.52413973570587,82.65079157398927,7502
-0.4,0.2,0.15000000000000002,0.25,-1.178967665611359,-1.1571287179734093,-4.1275945678308466,58.501799149492975,82.6561988877985,7503
-0.4,0.2,0.15000000000000002,0.30000000000000004,-1.178592924332175,-1.1571850544753193,-4.124344028528021,58.47995290731899,82.62803322650272,7499
-0.4,0.2,0.15000000000000002,0.3500000000000001,-1.1790879027481234,-1.1577101539003927,-4.127043463285253,58.50611550788148,82.66727712734647,7499
-0.4,0.2,0.15000000000000002,0.4000000000000001,-1.1813972232243732,-1.1581612145660811,-4.181043967316433,58.48538355895625,82.66300438166242,7497
-0.4,0.2,0.15000000000000002,0.45000000000000007,-1.1811002409395734,-1.158853432935227,-4.1175409999587975,58.49846314825714,82.64992479236152,7497
-0.4,0.2,0.15000000000000002,0.5000000000000001,-1.1835008996126142,-1.1588601097343014,-4.180009856531902,58.49846314825714,82.64992479236152,7497
-0.4,0.2,0.20000000000000004,0.15,-1.176554625180221,-1.1561617553256531,-4.023912712643429,58.77537655533727,82.94695481335953,7518
-0.4,0.2,0.20000000000000004,0.2,-1.1876661184731758,-1.166368595707271,-4.061245843479916,58.93675527039414,83.08236218410372,7514
-0.4,0.2,0.20000000000000004,0.25,-1.190272902045446,-1.1656873121009597,-4.129714771817013,58.923661123477814,83.05617389027104,7514
-0.4,0.2,0.20000000000000004,0.30000000000000004,-1.1900233519360386,-1.1655488295991563,-4.119324728558346,58.91209007003992,83.04640963539963,7511
-0.4,0.2,0.20000000000000004,0.3500000000000001,-1.190558825298667,-1.1664676937850322,-4.122024222920223,58.93172743339661,83.07913857432742,7511
-0.4,0.2,0.20000000000000004,0.4000000000000001,-1.1930420100335413,-1.1666192825475323,-4.1843754199245415,58.927870140070695,83.06715538683073,7510
-0.4,0.2,0.20000000000000004,0.45000000000000007,-1.1928243212152463,-1.1671791271221765,-4.1208727207878075,58.93441549941092,83.05406466815029,7510
-0.4,0.2,0.20000000000000004,0.5000000000000001,-1.1952271468480917,-1.1671791271221765,-4.183341398546978,58.94096085875115,83.05406466815029,7510
-0.4,0.2,0.25000000000000006,0.15,-1.1861988765394933,-1.1624834888717874,-4.0596750147681995,58.94833344247266,83.42610176150875,7517
-0.4,0.2,0.25000000000000006,0.2,-1.1982438171677237,-1.1718854403348524,-4.062457836423473,59.17124901806756,83.5362660382299,7512
-0.4,0.2,0.25000000000000006,0.25,-1.2007528404718297,-1.1704754092278375,-4.1403348214965625,59.12929623567922,83.55482815057283,7513
-0.4,0.2,0.25000000000000006,0.30000000000000004,-1.2003967271904858,-1.1705442056088307,-4.132091321046636,59.10727141828653,83.50677400353426,7509
-0.4,0.2,0.25000000000000006,0.3500000000000001,-1.2009818132525891,-1.1713637425937393,-4.134790755803869,59.12690621113947,83.55258852019111,7509
-0.4,0.2,0.25000000000000006,0.4000000000000001,-1.2035403337727086,-1.1719014551085516,-4.182661458561703,59.13612565445027,83.54712041884817,7508
-0.4,0.2,0.25000000000000006,0.45000000000000007,-1.203417314098379,-1.1719717042154967,-4.119158670018002,59.14267015706807,83.54712041884817,7508
-0.4,0.2,0.25000000000000006,0.5000000000000001,-1.2058203325992154,-1.1719807383624734,-4.206570840631084,59.14267015706807,83.54712041884817,7508
-0.4,0.2,0.30000000000000004,0.15,-1.1949087477222538,-1.1720054255006391,-4.10278431252058,59.35699319015191,83.45992666317443,7516
-0.4,0.2,0.30000000000000004,0.2,-1.2067765339189016,-1.1808578018165634,-4.105567253385143,59.52084833409701,83.53734371931661,7511
-0.4,0.2,0.30000000000000004,0.25,-1.2089190276673025,-1.180482653475931,-4.183444178853588,59.49466518295476,83.53079793153107,7511
-0.4,0.2,0.30000000000000004,0.30000000000000004,-1.2086660014036,-1.1805128541822854,-4.148391044889049,59.48298429319372,83.50130890052357,7508
-0.4,0.2,0.30000000000000004,0.3500000000000001,-1.209287299807377,-1.1811412977701812,-4.14519575909193,59.50916230366492,83.53403141361257,7508
-0.4,0.2,0.30000000000000004,0.4000000000000001,-1.2119177209214564,-1.1817852137515041,-4.210424630913473,59.51835612852562,83.5220208101564,7507
-0.4,0.2,0.30000000000000004,0.45000000000000007,-1.211915614281738,-1.1819045020093004,-4.116512462208553,59.524900202866306,83.51547673581572,7507
-0.4,0.2,0.30000000000000004,0.5000000000000001,-1.2143200409910968,-1.18213881035074,-4.249680257592754,59.531444277206994,83.51547673581572,7507
-0.4,0.2,0.3500000000000001,0.15,-1.2030630715660355,-1.1777869954764686,-4.1651882222029935,59.60329929300864,83.50353495679497,7512
-0.4,0.2,0.3500000000000001,0.2,-1.2146909478994743,-1.1882075772944338,-4.191188870939947,59.7107708415129,83.60816647035728,7506
-0.4,0.2,0.3500000000000001,0.25,-1.216591707259247,-1.1866014672128429,-4.225736267123775,59.67150896479518,83.58199188587882,7506
-0.4,0.2,0.3500000000000001,0.30000000000000004,-1.2162928575286578,-1.1866531876003443,-4.190683043752269,59.67942427216225,83.55250245338567,7503
-0.4,0.2,0.3500000000000001,0.3500000000000001,-1.2169251391344325,-1.1866771693835854,-4.187487847362117,59.69250899574746,83.5852142623487,7503
-0.4,0.2,0.3500000000000001,0.4000000000000001,-1.2196440192523286,-1.1882430013564933,-4.2673455467555295,59.70168781891927,83.57320423917311,7502
-0.4,0.2,0.3500000000000001,0.45000000000000007,-1.2197673101099151,-1.1882430013564933,-4.200240789923407,59.71477168651054,83.56666230537748,7502
-0.4,0.2,0.3500000000000001,0.5000000000000001,-1.2221760125323267,-1.1882430013564933,-4.291972405467586,59.71477168651054,83.56666230537748,7502
-0.4,0.2,0.40000000000000013,0.15,-1.210591172945213,-1.1814882243640756,-4.229011661563472,59.79975132517505,83.57437340488187,7507
-0.4,0.2,0.40000000000000013,0.2,-1.2224332195144,-1.189658345148168,-4.231794453416423,59.96728819103696,83.68334968923782,7503
-0.4,0.2,0.40000000000000013,0.25,-1.2239353600186944,-1.1887989104721552,-4.260661489520626,59.947661105659144,83.65718024206738,7503
-0.4,0.2,0.40000000000000013,0.30000000000000004,-1.2234891855900751,-1.1883879900790937,-4.225608355556087,59.93589743589743,83.64076399790686,7500
-0.4,0.2,0.40000000000000013,0.3500000000000001,-1.2241069212913092,-1.1888335780569885,-4.222413129363613,59.94243851386708,83.6734693877551,7500
-0.4,0.2,0.40000000000000013,0.4000000000000001,-1.2268804086276948,-1.1901838637342088,-4.272576301369406,59.95813983910001,83.66145594872131,7499
-0.4,0.2,0.40000000000000013,0.45000000000000007,-1.2272547837468462,-1.1901838637342088,-4.207015848908977,59.96468048924063,83.65491529858068,7499
-0.4,0.2,0.40000000000000013,0.5000000000000001,-1.2296686823901748,-1.1904396605508527,-4.343317366395549,59.96468048924063,83.65491529858068,7499
-0.4,0.2,0.4500000000000001,0.15,-1.2193881244892335,-1.1868263936986558,-4.331663794074611,59.95680910935148,83.66599044565146,7507
-0.4,0.2,0.4500000000000001,0.2,-1.2309972869387846,-1.1941304184015664,-4.334446705136852,60.162229345195264,83.75089945705501,7501
-0.4,0.2,0.4500000000000001,0.25,-1.2321349208568897,-1.1944496914772846,-4.333116091046886,60.162229345195264,83.72473343363642,7501
-0.4,0.2,0.4500000000000001,0.30000000000000004,-1.2315335256599806,-1.1949103056794663,-4.300017959628658,60.143884892086334,83.68868541530412,7498
-0.4,0.2,0.4500000000000001,0.3500000000000001,-1.232144077885192,-1.1951236693223841,-4.296822644029216,60.15042511445389,83.72138652714193,7498
-0.4,0.2,0.4500000000000001,0.4000000000000001,-1.2349465883321804,-1.1963682596941654,-4.328595972810344,60.159570989470936,83.70283173108365,7497
-0.4,0.2,0.4500000000000001,0.45000000000000007,-1.2355869439591642,-1.1963682596941654,-4.310924417529659,60.16611078412137,83.70283173108365,7497
-0.4,0.2,0.4500000000000001,0.5000000000000001,-1.2380063893141802,-1.1963682596941654,-4.447225696597652,60.159570989470936,83.70283173108365,7497
-0.4,0.2,0.5000000000000001,0.15,-1.2266634304923356,-1.190090196891573,-4.351198620353298,60.12956419316844,83.62125376259651,7506
-0.4,0.2,0.5000000000000001,0.2,-1.2382553987762424,-1.1966693867795377,-4.362951235857712,60.30614247399752,83.76398246876431,7501
-0.4,0.2,0.5000000000000001,0.25,-1.2391468275808504,-1.1972103339846096,-4.373560504999863,60.28651795643357,83.71819192778177,7501
-0.4,0.2,0.5000000000000001,0.30000000000000004,-1.2385144197953175,-1.1973086773909116,-4.3712698985011444,60.274689339437536,83.68214519293656,7498
-0.4,0.2,0.5000000000000001,0.3500000000000001,-1.2391165576712118,-1.1973086773909116,-4.306383586679058,60.274689339437536,83.71484630477435,7498
-0.4,0.2,0.5000000000000001,0.4000000000000001,-1.2419319551369035,-1.1987210286156222,-4.356770500252529,60.283827087829444,83.6962919364332,7497
-0.4,0.2,0.5000000000000001,0.45000000000000007,-1.2427345516084736,-1.1984759656410302,-4.340998843024059,60.290366882479894,83.6962919364332,7497
-0.4,0.2,0.5000000000000001,0.5000000000000001,-1.245157400182696,-1.1984759656410302,-4.456786490235881,60.283827087829444,83.6962919364332,7497
-0.5,0.0,0.1,0.15,-1.1950657268596556,-1.192335718978451,-4.008371278355404,61.019274746814766,83.39758248938256,7483
-0.5,0.0,0.1,0.2,-1.2035413846171472,-1.2005865434337921,-4.04570464761047,61.18077324973876,83.43129571577848,7476
-0.5,0.0,0.1,0.25,-1.2069832968460492,-1.2015209681834247,-4.133440472181127,61.179698216735254,83.43458096544516,7479
-0.5,0.0,0.1,0.30000000000000004,-1.2066980488848393,-1.2015192020869534,-4.130189873273657,61.163717103115,83.39319532423431,7475
-0.5,0.0,0.1,0.3500000000000001,-1.2067421862443275,-1.2016849554863935,-4.132889367635534,61.162259222984005,83.38883447600392,7473
-0.5,0.0,0.1,0.4000000000000001,-1.2087890864586175,-1.2020071354769142,-4.1664291396692255,61.21449559255632,83.41495266079008,7473
-0.5,0.0,0.1,0.45000000000000007,-1.2080373616669613,-1.2020497408746884,-4.105226971204565,61.234084231145935,83.40842311459353,7473
-0.5,0.0,0.1,0.5000000000000001,-1.2101398146794926,-1.2022501286201097,-4.168260551984594,61.22755468494939,83.401893568397,7473
-0.5,0.0,0.15000000000000002,0.15,-1.2058562992280981,-1.1991143842446246,-4.0302089896896325,61.50425114453891,83.81294964028777,7498
-0.5,0.0,0.15000000000000002,0.2,-1.2148072434944355,-1.2078796571694643,-4.067542358944698,61.64105916966329,83.89669826740766,7493
-0.5,0.0,0.15000000000000002,0.25,-1.217982859025314,-1.2087419064562335,-4.154320694501684,61.59680899758059,83.86843653959329,7495
-0.5,0.0,0.15000000000000002,0.30000000000000004,-1.2175735714961358,-1.2080164114017842,-4.151070095594213,61.570139887567,83.82795136619166,7490
-0.5,0.0,0.15000000000000002,0.3500000000000001,-1.2177828670805757,-1.208102859680174,-4.153769589956091,61.61187005686646,83.84208118177658,7489
-0.5,0.0,0.15000000000000002,0.4000000000000001,-1.2197960977668778,-1.209405422184452,-4.187309361989782,61.62745098039216,83.84313725490196,7488
-0.5,0.0,0.15000000000000002,0.45000000000000007,-1.2190959560825856,-1.2096726955338357,-4.126107253129766,61.64705882352941,83.84313725490196,7488
-0.5,0.0,0.15000000000000002,0.5000000000000001,-1.2212016595918096,-1.2098906574452368,-4.189140774305151,61.64052287581699,83.83660130718954,7488
-0.5,0.0,0.20000000000000004,0.15,-1.2161409120481852,-1.204748936657401,-4.033540889332577,61.93219007723524,84.17986647466947,7510
-0.5,0.0,0.20000000000000004,0.2,-1.2258511660927773,-1.213706680025553,-4.070873841355129,62.05091289837053,84.26150121065376,7507
-0.5,0.0,0.20000000000000004,0.25,-1.228747269159531,-1.2142980345104932,-4.147426642473028,62.04842931937172,84.22774869109948,7508
-0.5,0.0,0.20000000000000004,0.30000000000000004,-1.2285787962943897,-1.2142622148425635,-4.144176043565557,62.02970620951383,84.20467185761957,7505
-0.5,0.0,0.20000000000000004,0.3500000000000001,-1.2288293029988917,-1.2146421203806854,-4.146875537927435,62.04527610573148,84.21879089243653,7504
-0.5,0.0,0.20000000000000004,0.4000000000000001,-1.2307898456634656,-1.2148900788269792,-4.190014794180676,62.05024205155044,84.20122988355358,7502
-0.5,0.0,0.20000000000000004,0.45000000000000007,-1.230169449184435,-1.2148900788269792,-4.126512095043942,62.069867852937335,84.20122988355358,7502
-0.5,0.0,0.20000000000000004,0.5000000000000001,-1.2322778538433221,-1.215002398352845,-4.1889806237915,62.069867852937335,84.19468794975795,7502
-0.5,0.0,0.25000000000000006,0.15,-1.22457855841061,-1.2087056714327171,-4.0318269577720605,62.00916230366492,84.43717277486911,7508
-0.5,0.0,0.25000000000000006,0.2,-1.235443312936412,-1.2183063292546474,-4.069955863054083,62.26933647428346,84.5308205732234,7506
-0.5,0.0,0.25000000000000006,0.25,-1.238245971967541,-1.2186950425877265,-4.16206786781101,62.25785340314136,84.51570680628272,7508
-0.5,0.0,0.25000000000000006,0.30000000000000004,-1.2380818882791411,-1.2185265866010484,-4.158817268903539,62.239089184060724,84.49257344762154,7505
-0.5,0.0,0.25000000000000006,0.3500000000000001,-1.23838141905598,-1.218898375791152,-4.161516763265417,62.26773096048155,84.50667364564251,7504
-0.5,0.0,0.25000000000000006,0.4000000000000001,-1.2406472660537604,-1.2196866295617692,-4.195056594903753,62.27427375032713,84.50667364564251,7504
-0.5,0.0,0.25000000000000006,0.45000000000000007,-1.2400072184214015,-1.219386891158543,-4.133854605253027,62.2963689892051,84.50114491331371,7503
-0.5,0.0,0.25000000000000006,0.5000000000000001,-1.2421162682362414,-1.219501359210836,-4.196888037021444,62.2963689892051,84.48806018972849,7503
-0.5,0.0,0.30000000000000004,0.15,-1.2329743202767893,-1.2167832003828896,-4.062352716002203,62.30280814296001,84.47339137265169,7511
-0.5,0.0,0.30000000000000004,0.2,-1.243436519994949,-1.2229470507672757,-4.088353215727545,62.55480662260323,84.51672010994045,7507
-0.5,0.0,0.30000000000000004,0.25,-1.2461000798415385,-1.2251777646203426,-4.185317634615637,62.54745385521665,84.53986123838199,7510
-0.5,0.0,0.30000000000000004,0.30000000000000004,-1.245814019535925,-1.2251050766074503,-4.158817268903539,62.53108231906819,84.51118963486455,7506
-0.5,0.0,0.30000000000000004,0.3500000000000001,-1.2461493077115118,-1.2252287543578053,-4.161516763265417,62.546620427926456,84.52528953739449,7505
-0.5,0.0,0.30000000000000004,0.4000000000000001,-1.248487906055675,-1.2259854230059197,-4.2154000988337765,62.55316364588105,84.52528953739449,7505
-0.5,0.0,0.30000000000000004,0.45000000000000007,-1.247968184596589,-1.225317404594486,-4.133854605253027,62.5621565035331,84.51975922533367,7504
-0.5,0.0,0.30000000000000004,0.5000000000000001,-1.2500789370084524,-1.2260758104423803,-4.196888037021444,62.5621565035331,84.50667364564251,7504
-0.5,0.0,0.3500000000000001,0.15,-1.2404307882129184,-1.2235846284078302,-4.157518832955099,62.644768697245304,84.3944251783027,7505
-0.5,0.0,0.3500000000000001,0.2,-1.2505270102013823,-1.2323920862215114,-4.183519392285086,62.836025900974555,84.4528746157368,7499
-0.5,0.0,0.3500000000000001,0.25,-1.2528352091127208,-1.233637024567785,-4.2134111514422665,62.824622228036894,84.44429907764768,7501
-0.5,0.0,0.3500000000000001,0.30000000000000004,-1.2526182527353393,-1.2331262434972365,-4.195429421956823,62.80575539568345,84.4211903204709,7498
-0.5,0.0,0.3500000000000001,0.3500000000000001,-1.2529641030948917,-1.2334838424995676,-4.198128946121023,62.827807206853706,84.43528873193382,7497
-0.5,0.0,0.3500000000000001,0.4000000000000001,-1.2553912661871853,-1.233700429879715,-4.260595886978842,62.827807206853706,84.43528873193382,7497
-0.5,0.0,0.3500000000000001,0.45000000000000007,-1.2549967132063917,-1.2335604335336763,-4.193491338762976,62.830238032958405,84.42976719853517,7496
-0.5,0.0,0.3500000000000001,0.5000000000000001,-1.2571114214592989,-1.2339950494135254,-4.264436899695135,62.830238032958405,84.41668846455663,7496
-0.5,0.0,0.40000000000000013,0.15,-1.2480142826802105,-1.2267876028614109,-4.1727235308024655,62.79769693797436,84.36927505888511,7504
-0.5,0.0,0.40000000000000013,0.2,-1.258093916212621,-1.236862081924181,-4.198724000725485,62.9954218443427,84.46043165467626,7498
-0.5,0.0,0.40000000000000013,0.25,-1.2598889357554683,-1.238505552901268,-4.218641906056143,62.96029825364641,84.4528746157368,7499
-0.5,0.0,0.40000000000000013,0.30000000000000004,-1.2595247202176691,-1.237864121477128,-4.21247429400234,62.95448600575464,84.42976719853517,7496
-0.5,0.0,0.40000000000000013,0.3500000000000001,-1.259855656198364,-1.238505552901268,-4.2151737883642175,62.976525207611324,84.44386320538808,7495
-0.5,0.0,0.40000000000000013,0.4000000000000001,-1.262338097923984,-1.2386085865401257,-4.265826343569494,62.98306414699536,84.43732426600405,7495
-0.5,0.0,0.40000000000000013,0.45000000000000007,-1.2621941690494136,-1.2385715824508434,-4.20571897895126,62.972407480057534,84.43834183339872,7494
-0.5,0.0,0.40000000000000013,0.5000000000000001,-1.2643142682626545,-1.238940316359686,-4.269667445692755,62.978945991892246,84.4252648097293,7494
-0.5,0.0,0.4500000000000001,0.15,-1.2565243971783002,-1.2321630368858303,-4.2434871561866565,62.97023225384364,84.396467124632,7503
-0.5,0.0,0.4500000000000001,0.2,-1.2665987037147481,-1.2416782599110099,-4.271148609009491,63.21365509123014,84.48106729448696,7497
-0.5,0.0,0.4500000000000001,0.25,-1.2682616078159483,-1.2428856429261828,-4.281362928445623,63.19335426478284,84.47802197802197,7500
-0.5,0.0,0.4500000000000001,0.30000000000000004,-1.2677403259630615,-1.2420713609939018,-4.2781123295381525,63.18749591262834,84.45490811588516,7497
-0.5,0.0,0.4500000000000001,0.3500000000000001,-1.2680636442343978,-1.242551451494228,-4.28081182390003,63.21606068532566,84.46900340047083,7496
-0.5,0.0,0.4500000000000001,0.4000000000000001,-1.2705761576740684,-1.2429266345648415,-4.324996217797085,63.21606068532566,84.46900340047083,7496
-0.5,0.0,0.4500000000000001,0.45000000000000007,-1.2706976749569017,-1.242759625437839,-4.270665809223934,63.2184659648205,84.46348002354019,7495
-0.5,0.0,0.4500000000000001,0.5000000000000001,-1.2728237742980848,-1.243717632020119,-4.333134725401684,63.211927025436474,84.45040214477211,7495
-0.5,0.0,0.5000000000000001,0.15,-1.2637214189774935,-1.2359390376278934,-4.3159101751544915,63.055282957147526,84.4095518482172,7503
-0.5,0.0,0.5000000000000001,0.2,-1.273780393291483,-1.2441451707378435,-4.357941525068985,63.243950294310004,84.49313276651405,7498
-0.5,0.0,0.5000000000000001,0.25,-1.2750829502210526,-1.2449744738000033,-4.374445604172455,63.23260073260073,84.49764521193093,7500
-0.5,0.0,0.5000000000000001,0.30000000000000004,-1.2745299290490135,-1.2445042952497074,-4.372154997673737,63.226734680531024,84.47452749983651,7497
-0.5,0.0,0.5000000000000001,0.3500000000000001,-1.2748443905723845,-1.2452255242260393,-4.309772796924398,63.26183625425059,84.48862150143867,7496
-0.5,0.0,0.5000000000000001,0.4000000000000001,-1.2773702472240562,-1.24589544344522,-4.366621955941006,63.26183625425059,84.48862150143867,7496
-0.5,0.0,0.5000000000000001,0.45000000000000007,-1.277653539710001,-1.2457280913928215,-4.350850179503246,63.264238540508735,84.48309684169227,7495
-0.5,0.0,0.5000000000000001,0.5000000000000001,-1.2797830419874339,-1.24637631637827,-4.413318380425259,63.25769960112469,84.47001896292421,7495
-0.5,0.1,0.1,0.15,-1.1818939203592,-1.167749177263723,-4.036941453526302,59.17314349160734,83.16243223826008,7477
-0.5,0.1,0.1,0.2,-1.1915925427814908,-1.178378279644861,-4.0742744651535,59.37704061642941,83.15920073135693,7474
-0.5,0.1,0.1,0.25,-1.1945819915672247,-1.1784738131776695,-4.147055365140722,59.33786078098472,83.1526707587828,7474
-0.5,0.1,0.1,0.30000000000000004,-1.1943883501075285,-1.1782578534565198,-4.143804766233251,59.34582490043743,83.12985571587126,7471
-0.5,0.1,0.1,0.3500000000000001,-1.1946405934035589,-1.1782933871337704,-4.146504260595129,59.34195064629847,83.11790050920486,7470
-0.5,0.1,0.1,0.4000000000000001,-1.1971164062776805,-1.1791585565677636,-4.193415686199947,59.40193261948289,83.15487072342648,7472
-0.5,0.1,0.1,0.45000000000000007,-1.196594255495677,-1.179333084115549,-4.129912420819088,59.41111183652151,83.15597049030488,7471
-0.5,0.1,0.1,0.5000000000000001,-1.1989951450306644,-1.1794305109499772,-4.192381128380581,59.41764053012992,83.15597049030488,7471
-0.5,0.1,0.15000000000000002,0.15,-1.1917741901890262,-1.1736957846850322,-4.058779164860531,59.47605670608218,83.64147122231658,7481
-0.5,0.1,0.15000000000000002,0.2,-1.201830991235001,-1.1827745225176203,-4.096112236092373,59.66424978770658,83.66973675615651,7479
-0.5,0.1,0.15000000000000002,0.25,-1.2046630136733991,-1.1835274695077698,-4.167935706670568,59.60546084002875,83.65667254556143,7479
-0.5,0.1,0.15000000000000002,0.30000000000000004,-1.204571182877163,-1.1835274695077698,-4.164684988553808,59.617268630396445,83.63268238521324,7477
-0.5,0.1,0.15000000000000002,0.3500000000000001,-1.2048735303418194,-1.184085974246897,-4.167384482915685,59.639498432601876,83.64028213166145,7476
-0.5,0.1,0.15000000000000002,0.4000000000000001,-1.2072086832121265,-1.1841579037687455,-4.215253457138821,59.66562173458725,83.64681295715779,7476
-0.5,0.1,0.15000000000000002,0.45000000000000007,-1.206850184611121,-1.1845948595559672,-4.15175043017654,59.67215256008359,83.64028213166145,7476
-0.5,0.1,0.15000000000000002,0.5000000000000001,-1.209252034558983,-1.1846905907669476,-4.214218988726421,59.67868338557993,83.64028213166145,7476
-0.5,0.1,0.20000000000000004,0.15,-1.2022860268359896,-1.1823238917346504,-4.062110706875607,59.79731938542007,83.92938868911409,7493
-0.5,0.1,0.20000000000000004,0.2,-1.2126548381022373,-1.191859850094248,-4.099443718502804,59.97123995032355,83.94666318060004,7489
-0.5,0.1,0.20000000000000004,0.25,-1.2155407691540865,-1.191556566878826,-4.168644502470776,59.94639471791855,83.92495260508596,7491
-0.5,0.1,0.20000000000000004,0.30000000000000004,-1.2153541392029308,-1.1915832850556058,-4.158254548619076,59.9281045751634,83.89542483660131,7488
-0.5,0.1,0.20000000000000004,0.3500000000000001,-1.2156960431235608,-1.1916472087915215,-4.160954042980953,59.92418796157114,83.91608391608392,7487
-0.5,0.1,0.20000000000000004,0.4000000000000001,-1.2182079614001318,-1.1918684044194108,-4.218584909746929,59.96078431372549,83.90849673202614,7488
-0.5,0.1,0.20000000000000004,0.45000000000000007,-1.2179286143485029,-1.1920979285089017,-4.155081912586971,59.967320261437905,83.90849673202614,7488
-0.5,0.1,0.20000000000000004,0.5000000000000001,-1.2203324720667064,-1.192609250201517,-4.217550500939175,59.97385620915032,83.90849673202614,7488
-0.5,0.1,0.25000000000000006,0.15,-1.2114779126649644,-1.187885651920062,-4.0711602337699695,60.058842759071595,84.25629290617849,7493
-0.5,0.1,0.25000000000000006,0.2,-1.2226726167516697,-1.199075000574576,-4.097729727337643,60.25749950983595,84.3343572315535,7487
-0.5,0.1,0.25000000000000006,0.25,-1.2252379710581771,-1.1986338017721314,-4.188600986275412,60.24183006535948,84.3267973856209,7488
-0.5,0.1,0.25000000000000006,0.30000000000000004,-1.2250557415387162,-1.1979597510270399,-4.172432221467779,60.21041625825002,84.27759262889629,7485
-0.5,0.1,0.25000000000000006,0.3500000000000001,-1.2254465455280412,-1.1990326916629752,-4.175131715829656,60.219550444328284,84.29822268687924,7484
-0.5,0.1,0.25000000000000006,0.4000000000000001,-1.2280348383836115,-1.1995306901322271,-4.2186835399005185,60.26269358949226,84.30373129451742,7485
-0.5,0.1,0.25000000000000006,0.45000000000000007,-1.2278500437347646,-1.199967001304852,-4.153367981026455,60.26922825589753,84.29719662811213,7485
-0.5,0.1,0.25000000000000006,0.5000000000000001,-1.2302539361254745,-1.200195071089075,-4.215836539576336,60.27576292230281,84.29719662811213,7485
-0.5,0.1,0.30000000000000004,0.15,-1.2194759433265492,-1.1941389697328888,-4.126985608610846,60.45234671198849,84.22015949797358,7490
-0.5,0.1,0.30000000000000004,0.2,-1.2308313436785387,-1.202814429222193,-4.152986048731543,60.59081105810078,84.25593098490295,7487
-0.5,0.1,0.30000000000000004,0.25,-1.2330283495043621,-1.2031150276551221,-4.252528666529394,60.571204496438135,84.23632442324032,7487
-0.5,0.1,0.30000000000000004,0.30000000000000004,-1.232952080209226,-1.2031150276551221,-4.225289045843817,60.54368424491929,84.18610729922239,7485
-0.5,0.1,0.30000000000000004,0.3500000000000001,-1.2333785626472267,-1.2035893353835656,-4.22001796868775,60.57893361212755,84.2067433350758,7484
-0.5,0.1,0.30000000000000004,0.4000000000000001,-1.236039881673177,-1.20444087323033,-4.282611160549856,60.58289224335097,84.20571129843822,7485
-0.5,0.1,0.30000000000000004,0.45000000000000007,-1.2359758178702769,-1.2044692990438965,-4.186007379564978,60.58942690975626,84.19917663203293,7485
-0.5,0.1,0.30000000000000004,0.5000000000000001,-1.238381272778536,-1.2048271209646404,-4.276405035528875,60.59596157616154,84.19917663203293,7485
-0.5,0.1,0.3500000000000001,0.15,-1.2273584912248057,-1.1974713506011816,-4.2231206586692105,60.61041761976341,84.23632442324032,7487
-0.5,0.1,0.3500000000000001,0.2,-1.2381272713503302,-1.2085870843636606,-4.249121188196875,60.78521034753071,84.2565978573295,7480
-0.5,0.1,0.3500000000000001,0.25,-1.2401970791551458,-1.2086184436218002,-4.281591176066137,60.76304958515711,84.2490363885804,7481
-0.5,0.1,0.3500000000000001,0.30000000000000004,-1.2399618648183963,-1.2086350200773723,-4.255033998760916,60.73807968647943,84.19986936642717,7478
-0.5,0.1,0.3500000000000001,0.3500000000000001,-1.2403988618006352,-1.209059603184156,-4.249762951407171,60.76023773757429,84.22049506890471,7477
-0.5,0.1,0.3500000000000001,0.4000000000000001,-1.2431490996393484,-1.2089688298637937,-4.328775702986456,60.76420640104507,84.2194644023514,7478
-0.5,0.1,0.3500000000000001,0.45000000000000007,-1.24321026610393,-1.209373935019935,-4.261671303782202,60.77073807968648,84.2194644023514,7478
-0.5,0.1,0.3500000000000001,0.5000000000000001,-1.2456196755661968,-1.2094157431363968,-4.352068631920553,60.77073807968648,84.2194644023514,7478
-0.5,0.1,0.40000000000000013,0.15,-1.234941221272631,-1.2022913456641815,-4.238325445923544,60.84427889956218,84.25145396327518,7485
-0.5,0.1,0.40000000000000013,0.2,-1.245918710031574,-1.2095457466182182,-4.264325826439596,60.941991115756466,84.31539064541417,7480
-0.5,0.1,0.40000000000000013,0.25,-1.247478409155159,-1.209188821603123,-4.286822049889303,60.889730859681215,84.28926051737653,7480
-0.5,0.1,0.40000000000000013,0.30000000000000004,-1.2472091731790291,-1.2097435423400786,-4.260264842781759,60.875244937949056,84.25212279555846,7478
-0.5,0.1,0.40000000000000013,0.3500000000000001,-1.2476312960375895,-1.2098756232760168,-4.254993765625692,60.897394030435635,84.27274508523284,7477
-0.5,0.1,0.40000000000000013,0.4000000000000001,-1.2504375409597621,-1.2099350196120908,-4.334006219181753,60.90790333115611,84.26518615284128,7478
-0.5,0.1,0.40000000000000013,0.45000000000000007,-1.2507494712955234,-1.2102185529072158,-4.266902028593756,60.914435009797515,84.26518615284128,7478
-0.5,0.1,0.40000000000000013,0.5000000000000001,-1.2531645425433466,-1.2103833952657101,-4.357299177918173,60.90790333115611,84.26518615284128,7478
-0.5,0.1,0.4500000000000001,0.15,-1.243305743802224,-1.205951075519942,-4.331683672223644,60.99313949689644,84.32538386148317,7483
-0.5,0.1,0.4500000000000001,0.2,-1.2543900227806668,-1.2142613984659172,-4.334466464076595,61.13397347965249,84.38173623358809,7479
-0.5,0.1,0.4500000000000001,0.25,-1.2555861784510451,-1.2148870126775235,-4.333867437396602,61.12090926905742,84.36213991769547,7479
-0.5,0.1,0.4500000000000001,0.30000000000000004,-1.2551619019108244,-1.2148870126775235,-4.300769454989986,61.09986284370714,84.31846384951996,7477
-0.5,0.1,0.4500000000000001,0.3500000000000001,-1.25557638540669,-1.2153785714611753,-4.2975740797859,61.12199582027168,84.33908045977012,7476
-0.5,0.1,0.4500000000000001,0.4000000000000001,-1.2584128389090607,-1.2153813060994403,-4.353566094944759,61.1259878518712,84.338057605643,7477
-0.5,0.1,0.4500000000000001,0.45000000000000007,-1.2589904308198905,-1.2154272819763938,-4.306955344234066,61.132519103912216,84.33152635360199,7477
-0.5,0.1,0.4500000000000001,0.5000000000000001,-1.2614111988067713,-1.2155801529287464,-4.443256831918315,61.1259878518712,84.33152635360199,7477
-0.5,0.1,0.5000000000000001,0.15,-1.250503371479462,-1.209688683652235,-4.351218289886074,61.03234237177393,84.31885004900359,7483
-0.5,0.1,0.5000000000000001,0.2,-1.261456022917495,-1.2169637903879387,-4.379492806282745,61.147037690247565,84.32294728591025,7479
-0.5,0.1,0.5000000000000001,0.25,-1.2625214300893017,-1.2173101847154446,-4.390102105227219,61.13143454402926,84.32845570943299,7480
-0.5,0.1,0.5000000000000001,0.30000000000000004,-1.261951533207953,-1.2169637903879387,-4.3878114987285,61.11292534778917,84.28580758931487,7477
-0.5,0.1,0.5000000000000001,0.3500000000000001,-1.2623571715112096,-1.2175077217246753,-4.337560757706448,61.13505747126437,84.3064263322884,7476
-0.5,0.1,0.5000000000000001,0.4000000000000001,-1.2652073940004906,-1.2177209030206475,-4.395191862891003,61.13905035595324,84.30540134543793,7477
-0.5,0.1,0.5000000000000001,0.45000000000000007,-1.2659470144902352,-1.2177209030206475,-4.429156193681181,61.145581607994245,84.2988700933969,7477
-0.5,0.1,0.5000000000000001,0.5000000000000001,-1.2683711812024476,-1.21801753373421,-4.463809499688566,61.13905035595324,84.2988700933969,7477
-0.5,0.2,0.1,0.15,-1.1814272250220113,-1.167697192201892,-4.036941453526302,59.15088177661659,83.14173742651862,7478
-0.5,0.2,0.1,0.2,-1.1912371124470862,-1.1780901361068912,-4.0742744651535,59.35867293625914,83.15700104493207,7476
-0.5,0.2,0.1,0.25,-1.1942273110857669,-1.1778892924675404,-4.147055365140722,59.32601880877743,83.15047021943573,7476
-0.5,0.2,0.1,0.30000000000000004,-1.193924005906836,-1.1774391549740066,-4.143804766233251,59.33011230086185,83.12875424392792,7472
-0.5,0.2,0.1,0.3500000000000001,-1.1941742938852573,-1.177323474357416,-4.146504260595129,59.3262388196122,83.11679832865444,7471
-0.5,0.2,0.1,0.4000000000000001,-1.1964286434424263,-1.1784276384787011,-4.193415686199947,59.37193967487106,83.14944179669648,7471
-0.5,0.2,0.1,0.45000000000000007,-1.1959066284444844,-1.1788642143462291,-4.129912420819088,59.3876485180833,83.14401357879618,7470
-0.5,0.2,0.1,0.5000000000000001,-1.198307361267181,-1.1791585565677636,-4.192381128380581,59.394176785481136,83.14401357879618,7470
-0.5,0.2,0.15000000000000002,0.15,-1.1914176352260804,-1.1729366105687298,-4.058779164860531,59.4576935641947,83.6327997386475,7483
-0.5,0.2,0.15000000000000002,0.2,-1.2013654749979572,-1.1824360592213763,-4.096112236092373,59.65508230990332,83.65560491246407,7480
-0.5,0.2,0.15000000000000002,0.25,-1.2041978585081303,-1.182754292844615,-4.167935706670568,59.596289521818655,83.64907238045465,7480
-0.5,0.2,0.15000000000000002,0.30000000000000004,-1.2039956876949196,-1.1826971226339207,-4.164684988553808,59.5976748742734,83.62615113317223,7477
-0.5,0.2,0.15000000000000002,0.3500000000000001,-1.2044083562585466,-1.182904011920755,-4.167384482915685,59.62379988243747,83.63268238521324,7477
-0.5,0.2,0.15000000000000002,0.4000000000000001,-1.2065198789788945,-1.182894032931085,-4.215253457138821,59.64866453340299,83.62828968849996,7475
-0.5,0.2,0.15000000000000002,0.45000000000000007,-1.206161200560862,-1.1835274695077698,-4.15175043017654,59.655194932410375,83.62828968849996,7475
-0.5,0.2,0.15000000000000002,0.5000000000000001,-1.2085628937828963,-1.1840322536122478,-4.214218988726421,59.66172533141775,83.62828968849996,7475
-0.5,0.2,0.20000000000000004,0.15,-1.2018204507677246,-1.181713881437023,-4.062110706875607,59.79469072839022,83.9021838629528,7494
-0.5,0.2,0.20000000000000004,0.2,-1.2121910739646145,-1.1916145980100734,-4.099443718502804,59.942476140671985,83.93254020133351,7490
-0.5,0.2,0.20000000000000004,0.25,-1.21496512411994,-1.191178380493232,-4.168644502470776,59.9137085703079,83.91841537556384,7491
-0.5,0.2,0.20000000000000004,0.30000000000000004,-1.2147795862417012,-1.190941041952235,-4.158254548619076,59.90196078431372,83.88235294117648,7488
-0.5,0.2,0.20000000000000004,0.3500000000000001,-1.21523259789339,-1.191357666043582,-4.160954042980953,59.90196078431372,83.90196078431373,7488
-0.5,0.2,0.20000000000000004,0.4000000000000001,-1.2175189938537714,-1.191610003232386,-4.218584909746929,59.92418796157114,83.88994183386707,7487
-0.5,0.2,0.20000000000000004,0.45000000000000007,-1.217239461870282,-1.1917575780388108,-4.155081912586971,59.94379452323378,83.88994183386707,7487
-0.5,0.2,0.20000000000000004,0.5000000000000001,-1.2196431627373197,-1.1918769587445732,-4.217550500939175,59.95033004378799,83.88994183386707,7487
-0.5,0.2,0.25000000000000006,0.15,-1.211015564151912,-1.1872537593403336,-4.086949146543102,60.04315417810906,84.24872499019223,7494
-0.5,0.2,0.25000000000000006,0.2,-1.2222121866545643,-1.1986338017721314,-4.097729727337643,60.22222222222222,84.30718954248366,7488
-0.5,0.2,0.25000000000000006,0.25,-1.224777861814644,-1.1978003737476384,-4.188600986275412,60.213085822602785,84.31270017648212,7489
-0.5,0.2,0.25000000000000006,0.30000000000000004,-1.2244839120503745,-1.197367846856685,-4.172432221467779,60.190812259034175,84.25798862968045,7485
-0.5,0.2,0.25000000000000006,0.3500000000000001,-1.22498643925198,-1.1985551414915012,-4.175131715829656,60.190812259034175,84.27759262889629,7485
-0.5,0.2,0.25000000000000006,0.4000000000000001,-1.2273479745442246,-1.1988569658326158,-4.2186835399005185,60.23261892315735,84.26555148980658,7484
-0.5,0.2,0.25000000000000006,0.45000000000000007,-1.2271629887146276,-1.1990326916629752,-4.153367981026455,60.23915316257188,84.26555148980658,7484
-0.5,0.2,0.25000000000000006,0.5000000000000001,-1.2295667242308046,-1.1992301194693264,-4.229856289182262,60.245687401986416,84.26555148980658,7484
-0.5,0.2,0.30000000000000004,0.15,-1.2189020753957431,-1.1940783461616113,-4.1300586231094165,60.43927310759576,84.20054909138449,7490
-0.5,0.2,0.30000000000000004,0.2,-1.2303724700133098,-1.2026979592910847,-4.152986048731543,60.57516339869281,84.23529411764706,7488
-0.5,0.2,0.30000000000000004,0.25,-1.2324559439610048,-1.2027250379682348,-4.252528666529394,60.5450624142213,84.20364682046925,7487
-0.5,0.2,0.30000000000000004,0.30000000000000004,-1.2322679969346653,-1.2022417073235245,-4.225289045843817,60.52665969681129,84.16100365917407,7484
-0.5,0.2,0.30000000000000004,0.3500000000000001,-1.2328066856642368,-1.2031172219078297,-4.22001796868775,60.55279665446942,84.17407213800313,7484
-0.5,0.2,0.30000000000000004,0.4000000000000001,-1.2352400539979254,-1.2031194161605374,-4.282611160549856,60.55537406076446,84.16203854949363,7483
-0.5,0.2,0.30000000000000004,0.45000000000000007,-1.2351757953225446,-1.2032311570794494,-4.186007379564978,60.56844168572362,84.16203854949363,7483
-0.5,0.2,0.30000000000000004,0.5000000000000001,-1.2375809360264154,-1.204036581994055,-4.276405035528875,60.56844168572362,84.16203854949363,7483
-0.5,0.2,0.3500000000000001,0.15,-1.2268977350967702,-1.197051547910774,-4.2231206586692105,60.60130718954249,84.20915032679738,7488
-0.5,0.2,0.3500000000000001,0.2,-1.2375554838231793,-1.207781905796178,-4.249121188196875,60.77214528351189,84.23046772929187,7480
-0.5,0.2,0.3500000000000001,0.25,-1.2397382700038393,-1.2083908428603936,-4.281591176066137,60.76048608388868,84.2284071605906,7482
-0.5,0.2,0.3500000000000001,0.30000000000000004,-1.2392768947200525,-1.2083533226221965,-4.255033998760916,60.727581477369206,84.1747763046176,7477
-0.5,0.2,0.3500000000000001,0.3500000000000001,-1.2398265044816952,-1.208763356828714,-4.249762951407171,60.75370648553328,84.18783880869964,7477
-0.5,0.2,0.3500000000000001,0.4000000000000001,-1.242347967505214,-1.2086350200773723,-4.328775702986456,60.749738766980144,84.17580982236154,7476
-0.5,0.2,0.3500000000000001,0.45000000000000007,-1.2424089227280521,-1.208839971284713,-4.261671303782202,60.756269592476485,84.18234064785788,7476
-0.5,0.2,0.3500000000000001,0.5000000000000001,-1.2448180177134,-1.2089554435204541,-4.352068631920553,60.76280041797283,84.18234064785788,7476
-0.5,0.2,0.40000000000000013,0.15,-1.2344810209999058,-1.201681885962564,-4.246059186015682,60.82864984969285,84.24388968762253,7486
-0.5,0.2,0.40000000000000013,0.2,-1.2454601357755368,-1.2090034888483627,-4.264325826439596,60.932906513359896,84.30130005879663,7481
-0.5,0.2,0.40000000000000013,0.25,-1.2470201131615042,-1.2087819517621465,-4.286822049889303,60.88717580192069,84.27516822368851,7481
-0.5,0.2,0.40000000000000013,0.30000000000000004,-1.2466377319096231,-1.2090891411122482,-4.260264842781759,60.86871325930764,84.23905943827563,7478
-0.5,0.2,0.40000000000000013,0.3500000000000001,-1.2471729756308985,-1.2097435423400786,-4.254993765625692,60.88830829523187,84.25212279555846,7478
-0.5,0.2,0.40000000000000013,0.4000000000000001,-1.2497496546494955,-1.209688683652235,-4.334006219181753,60.89086277839462,84.23355757298674,7477
-0.5,0.2,0.40000000000000013,0.45000000000000007,-1.250061361421571,-1.2097984010279221,-4.266902028593756,60.897394030435635,84.24008882502775,7477
-0.5,0.2,0.40000000000000013,0.5000000000000001,-1.252476275154772,-1.2102012805496607,-4.357299177918173,60.897394030435635,84.24008882502775,7477
-0.5,0.2,0.4500000000000001,0.15,-1.242846206542521,-1.2054568963911936,-4.347472704206066,60.99059069524307,84.32435964453737,7484
-0.5,0.2,0.4500000000000001,0.2,-1.25393234838084,-1.2136105337555771,-4.350255466256694,61.13143454402926,84.36765090148943,7480
-0.5,0.2,0.4500000000000001,0.25,-1.2550139920447105,-1.2139294240496352,-4.349656439576702,61.09478084786727,84.34254360180287,7479
-0.5,0.2,0.4500000000000001,0.30000000000000004,-1.2544761167883107,-1.213985138012849,-4.316558397565441,61.07628004179728,84.3064263322884,7476
-0.5,0.2,0.4500000000000001,0.3500000000000001,-1.2550041983278997,-1.2144758776484115,-4.3133631117683215,61.102403343782655,84.31948798328108,7476
-0.5,0.2,0.4500000000000001,0.4000000000000001,-1.2576098982338137,-1.214328645690804,-4.353566094944759,61.098413113041204,84.30745118526742,7475
-0.5,0.2,0.4500000000000001,0.45000000000000007,-1.2581872115737223,-1.2146995098683888,-4.322744346414165,61.10494351204858,84.30745118526742,7475
-0.5,0.2,0.4500000000000001,0.5000000000000001,-1.260607663532519,-1.2149559164924475,-4.459045834098415,61.10494351204858,84.30745118526742,7475
-0.5,0.2,0.5000000000000001,0.15,-1.250044321960029,-1.2094543477034492,-4.3670073218684955,61.02326189231574,84.29822268687924,7484
-0.5,0.2,0.5000000000000001,0.2,-1.2609988278424016,-1.2169359534808182,-4.379492806282745,61.14449960804807,84.30232558139535,7480
-0.5,0.2,0.5000000000000001,0.25,-1.2619491494288104,-1.2169530330257856,-4.390102105227219,61.11183694800104,84.30885811340477,7480
-0.5,0.2,0.5000000000000001,0.30000000000000004,-1.2612652405087306,-1.216803699196256,-4.3878114987285,61.095872518286306,84.26724137931035,7476
-0.5,0.2,0.5000000000000001,0.3500000000000001,-1.261784920217813,-1.2169530330257856,-4.337560757706448,61.12199582027168,84.28030303030303,7476
-0.5,0.2,0.5000000000000001,0.4000000000000001,-1.2644035017578856,-1.2169637903879387,-4.395191862891003,61.11800431006335,84.26826879122315,7475
-0.5,0.2,0.5000000000000001,0.45000000000000007,-1.2651428225165513,-1.2172961648052505,-4.434593612499655,61.12453470907072,84.26826879122315,7475
-0.5,0.2,0.5000000000000001,0.5000000000000001,-1.267566672783296,-1.2173971163524155,-4.469246903605879,61.12453470907072,84.26826879122315,7475
